track_id,track_name,artist_name,album_name,genre,popularity,duration_ms,explicit,key,mode,loudness,danceability,energy,valence,tempo,acousticness,instrumentalness,speechiness,liveness
TRK0001,Track 1,Artist 1,Album 1,Metal,35,200818,False,8,0,-3.59,0.2811,0.9072,0.3549,139.13,0.1038,0.3403,0.0878,0.2918
TRK0002,Track 2,Artist 2,Album 2,Pop,75,124703,False,0,0,-10.48,0.7443,0.9127,0.7221,116.36,0.02,0.0434,0.1192,0.1364
TRK0003,Track 3,Artist 3,Album 3,Electronic,82,316200,False,0,0,-4.13,0.7451,0.9195,0.6964,121.28,0.0661,0.5884,0.0567,0.06
TRK0004,Track 4,Artist 4,Album 4,Rock,82,192099,False,3,1,-6.42,0.6457,0.6985,0.7366,128.15,0.248,0.1538,0.0727,0.2223
TRK0005,Track 5,Artist 5,Album 5,Metal,49,276921,False,8,1,-6.9,0.5195,0.8639,0.2897,156.53,0.0347,0.44,0.175,0.3209
TRK0006,Track 6,Artist 6,Album 6,Acoustic,26,282932,False,5,1,-13.05,0.5126,0.4529,0.2657,121.02,0.9034,0.0288,0.0667,0.1409
TRK0007,Track 7,Artist 7,Album 7,Jazz,10,151585,False,10,1,-14.56,0.4534,0.468,0.2443,70.0,0.6669,0.7651,0.0651,0.1468
TRK0008,Track 8,Artist 8,Album 8,Metal,70,273087,True,2,0,-4.79,0.3057,0.9089,0.4133,135.43,0.0725,0.3353,0.1327,0.3122
TRK0009,Track 9,Artist 9,Album 9,Electronic,52,328611,False,0,0,-8.39,0.8262,0.8229,0.6675,122.83,0.0454,0.6638,0.0323,0.1452
TRK0010,Track 10,Artist 10,Album 10,Rock,51,163585,False,3,1,-6.17,0.5979,0.904,0.4204,137.71,0.2219,0.2402,0.0743,0.2441
TRK0011,Track 11,Artist 11,Album 11,Pop,34,146958,False,11,0,-4.69,0.7266,0.708,0.5919,120.43,0.2348,0.0965,0.088,0.1657
TRK0012,Track 12,Artist 12,Album 12,Electronic,48,146017,True,8,1,-7.5,0.95,0.7233,0.5237,139.79,0.0789,0.7829,0.0746,0.2653
TRK0013,Track 13,Artist 13,Album 13,Electronic,44,327779,True,2,1,-4.74,0.8655,0.9725,0.478,134.26,0.0421,0.6545,0.0649,0.06
TRK0014,Track 14,Artist 14,Album 14,Jazz,12,244677,False,11,1,-20.62,0.5643,0.6275,0.5917,160.0,0.6628,0.5842,0.0563,0.128
TRK0015,Track 15,Artist 15,Album 15,Lo-Fi,53,296422,False,8,0,-9.29,0.6324,0.1939,0.5342,72.6,0.6106,0.6831,0.0559,0.1102
TRK0016,Track 16,Artist 16,Album 16,Rock,60,263273,False,6,1,-4.52,0.4622,0.8584,0.85,136.79,0.1356,0.0721,0.0661,0.1468
TRK0017,Track 17,Artist 17,Album 17,Classical,21,149426,False,11,1,-16.67,0.3104,0.1,0.3472,131.9,0.8761,0.7978,0.0262,0.05
TRK0018,Track 18,Artist 18,Album 18,Electronic,28,137778,False,3,1,-4.88,0.7673,0.904,0.8344,135.37,0.0675,0.6717,0.0577,0.1246
TRK0019,Track 19,Artist 19,Album 19,Lo-Fi,53,296313,False,2,0,-8.93,0.5834,0.1812,0.3734,81.93,0.8521,0.7009,0.0702,0.105
TRK0020,Track 20,Artist 20,Album 20,Classical,68,162229,False,9,0,-22.98,0.4157,0.5264,0.1,110.17,0.9455,0.8805,0.0464,0.1223
TRK0021,Track 21,Artist 21,Album 21,Rock,58,206652,False,4,1,-4.15,0.3503,0.7684,0.85,121.26,0.01,0.2233,0.0871,0.2772
TRK0022,Track 22,Artist 22,Album 22,Ambient,70,248267,False,4,0,-22.53,0.3346,0.3472,0.2255,65.84,0.7624,0.8867,0.0787,0.1158
TRK0023,Track 23,Artist 23,Album 23,Acoustic,26,299436,False,2,0,-15.76,0.3181,0.2807,0.193,129.08,0.9769,0.228,0.0303,0.1893
TRK0024,Track 24,Artist 24,Album 24,Lo-Fi,83,349905,False,11,0,-13.78,0.5528,0.2932,0.4284,85.5,0.6839,0.6087,0.0843,0.1055
TRK0025,Track 25,Artist 25,Album 25,Synthwave,66,246503,False,8,0,-6.99,0.7688,0.6853,0.3845,130.72,0.2824,0.6445,0.0491,0.0741
TRK0026,Track 26,Artist 26,Album 26,Ambient,64,204878,False,3,0,-23.31,0.2024,0.1918,0.3409,63.53,0.8211,0.8098,0.0429,0.0972
TRK0027,Track 27,Artist 27,Album 27,Acoustic,56,177056,False,10,0,-10.28,0.524,0.4404,0.2344,81.25,0.8923,0.0,0.0537,0.0828
TRK0028,Track 28,Artist 28,Album 28,Jazz,21,278562,False,4,0,-12.52,0.575,0.4237,0.6842,93.73,0.5452,0.4108,0.0427,0.1531
TRK0029,Track 29,Artist 29,Album 29,Metal,71,139975,True,3,0,-1.06,0.4961,0.8288,0.3242,120.62,0.0438,0.7201,0.1317,0.313
TRK0030,Track 30,Artist 30,Album 30,Pop,89,277795,False,4,0,-2.46,0.8102,0.7097,0.5269,119.64,0.1432,0.0,0.0872,0.1506
TRK0031,Track 31,Artist 31,Album 31,Synthwave,92,274351,False,6,0,-6.49,0.6511,0.8024,0.5001,126.73,0.1413,0.5593,0.0497,0.1356
TRK0032,Track 32,Artist 32,Album 32,Jazz,17,329373,False,8,1,-14.81,0.6546,0.2762,0.3736,127.8,0.563,0.6361,0.03,0.2858
TRK0033,Track 33,Artist 33,Album 33,Rock,30,262633,False,6,1,-1.5,0.6394,0.793,0.6122,156.85,0.2433,0.1296,0.0673,0.2602
TRK0034,Track 34,Artist 34,Album 34,Jazz,90,358507,False,4,0,-15.59,0.5692,0.6848,0.4638,134.04,0.7821,0.5385,0.0451,0.2073
TRK0035,Track 35,Artist 35,Album 35,Metal,89,317133,False,9,1,-2.95,0.3106,0.8858,0.2697,163.85,0.0655,0.4288,0.1369,0.2084
TRK0036,Track 36,Artist 36,Album 36,Rock,79,208397,True,9,1,-7.94,0.6382,0.8668,0.6174,116.19,0.1669,0.068,0.0695,0.1016
TRK0037,Track 37,Artist 37,Album 37,Synthwave,81,300225,False,6,0,-4.09,0.6647,0.7361,0.5928,116.65,0.1521,0.773,0.0407,0.1112
TRK0038,Track 38,Artist 38,Album 38,Metal,34,153142,True,9,0,-4.94,0.4003,0.911,0.3624,141.45,0.0287,0.1204,0.0895,0.3111
TRK0039,Track 39,Artist 39,Album 39,Classical,91,146916,True,4,0,-26.61,0.2845,0.4551,0.3082,120.83,0.8076,0.8394,0.0408,0.1209
TRK0040,Track 40,Artist 40,Album 40,Pop,21,184324,False,2,1,-5.62,0.8162,0.6731,0.7202,120.1,0.3004,0.1375,0.0413,0.114
TRK0041,Track 41,Artist 41,Album 41,Synthwave,24,296037,True,6,1,-8.48,0.5916,0.8426,0.6812,123.59,0.1666,0.8644,0.0269,0.1226
TRK0042,Track 42,Artist 42,Album 42,Classical,68,245932,False,10,0,-24.13,0.389,0.1,0.3458,113.38,0.8432,0.7999,0.0402,0.1582
TRK0043,Track 43,Artist 43,Album 43,Acoustic,35,255720,False,10,0,-15.48,0.4142,0.4626,0.4118,94.0,0.9083,0.1012,0.0705,0.1035
TRK0044,Track 44,Artist 44,Album 44,Synthwave,35,286205,False,1,0,-8.63,0.7556,0.7619,0.6707,117.34,0.2887,0.8883,0.0234,0.1409
TRK0045,Track 45,Artist 45,Album 45,Acoustic,56,301749,True,11,1,-13.78,0.5192,0.3568,0.3022,127.05,0.8663,0.1215,0.0412,0.1356
TRK0046,Track 46,Artist 46,Album 46,Rock,41,216059,True,8,1,-5.58,0.5075,0.6,0.5525,104.05,0.1332,0.0095,0.0417,0.2741
TRK0047,Track 47,Artist 47,Album 47,Classical,19,345660,False,9,1,-22.97,0.2603,0.4224,0.2944,157.6,0.8836,0.8792,0.0497,0.1841
TRK0048,Track 48,Artist 48,Album 48,Pop,25,351022,False,9,1,-6.3,0.6866,0.8647,0.7772,132.9,0.0631,0.1119,0.0572,0.1477
TRK0049,Track 49,Artist 49,Album 49,Metal,80,218317,False,11,0,-2.83,0.3122,0.8494,0.1,147.62,0.0042,0.0959,0.1113,0.1
TRK0050,Track 50,Artist 50,Album 50,Electronic,26,321207,False,0,0,-6.8,0.6113,0.8446,0.6221,132.3,0.0975,0.95,0.0743,0.2127
TRK0051,Track 51,Artist 1,Album 51,Jazz,32,155046,False,5,0,-11.03,0.5621,0.6357,0.4643,118.84,0.7677,0.4887,0.03,0.1628
TRK0052,Track 52,Artist 2,Album 52,Ambient,35,298136,False,6,0,-26.39,0.1149,0.2536,0.3677,50.0,0.7751,0.8802,0.0464,0.0777
TRK0053,Track 53,Artist 3,Album 53,Pop,94,221459,False,7,1,-7.32,0.8537,0.7403,0.5966,119.51,0.2537,0.0521,0.0738,0.114
TRK0054,Track 54,Artist 4,Album 54,Classical,16,357697,False,9,1,-13.69,0.2402,0.4008,0.2009,114.83,0.9848,0.8761,0.0363,0.0681
TRK0055,Track 55,Artist 5,Album 55,Electronic,23,320422,True,8,0,-7.46,0.6981,0.9094,0.7094,126.11,0.0842,0.3746,0.0766,0.191
TRK0056,Track 56,Artist 6,Album 56,Pop,88,165893,False,1,0,-7.24,0.7075,0.7534,0.7501,120.05,0.0374,0.0288,0.0867,0.1737
TRK0057,Track 57,Artist 7,Album 57,Classical,16,221520,False,10,1,-19.81,0.5188,0.1,0.2654,102.92,0.888,0.7514,0.0445,0.1348
TRK0058,Track 58,Artist 8,Album 58,Lo-Fi,18,245818,False,9,0,-13.45,0.6765,0.3419,0.2859,77.83,0.7157,0.7663,0.0608,0.1265
TRK0059,Track 59,Artist 9,Album 59,Lo-Fi,57,181272,True,1,1,-11.42,0.6521,0.4315,0.4698,72.57,0.6039,0.8331,0.0878,0.1453
TRK0060,Track 60,Artist 10,Album 60,Acoustic,81,343224,True,4,0,-18.25,0.3797,0.3494,0.6687,119.13,0.8334,0.2129,0.0246,0.1022
TRK0061,Track 61,Artist 11,Album 61,Pop,68,187649,False,4,0,-7.52,0.7576,0.8143,0.6615,109.52,0.198,0.0305,0.0561,0.1536
TRK0062,Track 62,Artist 12,Album 62,Lo-Fi,91,184674,False,5,0,-13.48,0.5247,0.259,0.2876,87.48,0.715,0.7601,0.0718,0.1458
TRK0063,Track 63,Artist 13,Album 63,Classical,48,359614,False,2,0,-19.14,0.3406,0.1131,0.5568,73.88,0.8574,0.8022,0.0247,0.1213
TRK0064,Track 64,Artist 14,Album 64,Acoustic,27,264832,False,7,0,-15.87,0.4811,0.196,0.7277,117.89,0.98,0.0695,0.0692,0.1612
TRK0065,Track 65,Artist 15,Album 65,Classical,68,272999,False,0,0,-21.46,0.4411,0.2892,0.2959,55.0,0.9245,0.744,0.0345,0.079
TRK0066,Track 66,Artist 16,Album 66,Acoustic,26,206475,False,5,0,-12.78,0.5444,0.3511,0.5493,130.78,0.8205,0.1021,0.0692,0.1715
TRK0067,Track 67,Artist 17,Album 67,Pop,23,181367,False,3,1,-7.46,0.6438,0.788,0.6931,132.63,0.1427,0.0,0.1007,0.05
TRK0068,Track 68,Artist 18,Album 68,Electronic,40,349027,False,0,1,-7.66,0.7084,0.7779,0.5151,137.74,0.1492,0.6122,0.0927,0.1069
TRK0069,Track 69,Artist 19,Album 69,Metal,33,263660,False,6,1,-1.3,0.4864,0.949,0.281,120.02,0.0938,0.0,0.0961,0.266
TRK0070,Track 70,Artist 20,Album 70,Synthwave,69,241750,False,8,1,-5.39,0.7106,0.8184,0.5117,123.68,0.1574,0.5094,0.0659,0.1588
TRK0071,Track 71,Artist 21,Album 71,Electronic,54,352750,False,3,1,-3.54,0.7823,0.7831,0.3,129.26,0.1649,0.7993,0.0863,0.1563
TRK0072,Track 72,Artist 22,Album 72,Rock,12,355806,True,3,0,-3.31,0.6124,0.7862,0.6515,120.35,0.1932,0.0201,0.0456,0.2635
TRK0073,Track 73,Artist 23,Album 73,Classical,46,238154,False,5,0,-20.24,0.3634,0.3632,0.1,103.13,0.9273,0.8072,0.0329,0.1778
TRK0074,Track 74,Artist 24,Album 74,Rock,52,303305,True,11,1,-4.52,0.5655,0.8819,0.3998,133.48,0.2556,0.3319,0.0708,0.1857
TRK0075,Track 75,Artist 25,Album 75,Electronic,49,164738,False,2,0,-6.67,0.7971,0.9471,0.4805,125.76,0.033,0.4982,0.0775,0.2005
TRK0076,Track 76,Artist 26,Album 76,Acoustic,64,153397,False,11,1,-19.55,0.5772,0.4612,0.7209,109.26,0.7988,0.0498,0.028,0.18
TRK0077,Track 77,Artist 27,Album 77,Synthwave,48,202189,False,5,1,-7.86,0.7774,0.7105,0.4978,116.48,0.1007,0.8118,0.0863,0.0937
TRK0078,Track 78,Artist 28,Album 78,Synthwave,24,196367,False,6,0,-7.99,0.6669,0.8233,0.5616,131.87,0.2303,0.5577,0.0604,0.1808
TRK0079,Track 79,Artist 29,Album 79,Ambient,13,322332,False,10,0,-25.93,0.2206,0.1578,0.2493,54.97,0.7437,0.9039,0.0803,0.0816
TRK0080,Track 80,Artist 30,Album 80,Synthwave,34,240585,False,9,0,-9.57,0.8161,0.6913,0.3807,109.71,0.1036,0.4903,0.0474,0.1579
TRK0081,Track 81,Artist 31,Album 81,Metal,22,196619,False,9,1,-2.22,0.4088,0.9398,0.3375,149.09,0.0559,0.1537,0.1799,0.3373
TRK0082,Track 82,Artist 32,Album 82,Synthwave,91,231453,False,2,0,-5.55,0.7611,0.654,0.6911,124.56,0.0424,0.6742,0.0555,0.1866
TRK0083,Track 83,Artist 33,Album 83,Electronic,42,139816,False,6,1,-6.19,0.7195,0.9687,0.6261,125.95,0.0804,0.4065,0.0678,0.1849
TRK0084,Track 84,Artist 34,Album 84,Ambient,25,293312,False,2,1,-25.48,0.292,0.1308,0.2859,84.75,0.8652,0.8197,0.0412,0.1503
TRK0085,Track 85,Artist 35,Album 85,Electronic,51,257348,False,1,1,-6.76,0.7811,0.8439,0.8396,138.32,0.1485,0.504,0.0772,0.1884
TRK0086,Track 86,Artist 36,Album 86,Electronic,75,355271,False,11,0,-5.13,0.7191,0.9694,0.5779,140.92,0.1598,0.7112,0.0791,0.09
TRK0087,Track 87,Artist 37,Album 87,Jazz,64,199530,False,9,0,-19.15,0.6917,0.5318,0.5232,149.24,0.6278,0.5071,0.0631,0.1883
TRK0088,Track 88,Artist 38,Album 88,Ambient,51,274571,False,3,1,-27.05,0.2785,0.2648,0.273,96.6,0.9013,0.99,0.035,0.1249
TRK0089,Track 89,Artist 39,Album 89,Electronic,43,339648,True,11,0,-4.07,0.6669,0.7075,0.6954,129.47,0.0713,0.384,0.0562,0.1602
TRK0090,Track 90,Artist 40,Album 90,Jazz,39,228856,False,7,0,-17.12,0.5483,0.4802,0.4436,149.98,0.5278,0.4951,0.0502,0.1771
TRK0091,Track 91,Artist 41,Album 91,Jazz,22,333567,False,8,0,-20.43,0.5636,0.4698,0.3958,121.6,0.5291,0.4324,0.062,0.067
TRK0092,Track 92,Artist 42,Album 92,Ambient,22,191635,True,6,1,-23.97,0.3033,0.2839,0.2533,69.98,0.9304,0.8427,0.0227,0.1212
TRK0093,Track 93,Artist 43,Album 93,Rock,27,227803,False,0,1,-5.7,0.6265,0.6488,0.3399,130.26,0.1834,0.2347,0.0735,0.2099
TRK0094,Track 94,Artist 44,Album 94,Acoustic,41,336184,False,2,0,-9.77,0.6591,0.2397,0.5003,90.22,0.8928,0.0463,0.0649,0.1345
TRK0095,Track 95,Artist 45,Album 95,Metal,48,155946,False,11,1,-4.22,0.3719,0.9412,0.2331,138.67,0.0532,0.0251,0.0633,0.292
TRK0096,Track 96,Artist 46,Album 96,Acoustic,55,175204,False,8,0,-21.99,0.4407,0.2763,0.3522,110.03,0.8856,0.0,0.0783,0.1837
TRK0097,Track 97,Artist 47,Album 97,Synthwave,38,302958,False,11,0,-6.5,0.7669,0.8644,0.5801,105.03,0.2211,0.6711,0.061,0.2088
TRK0098,Track 98,Artist 48,Album 98,Metal,71,322724,False,0,0,-3.73,0.3083,0.9032,0.2316,154.54,0.0258,0.2149,0.0686,0.2408
TRK0099,Track 99,Artist 49,Album 99,Synthwave,71,135563,False,8,0,-4.51,0.5,0.8008,0.5745,110.35,0.292,0.815,0.0281,0.1535
TRK0100,Track 100,Artist 50,Album 100,Electronic,66,212324,False,7,1,-6.04,0.7892,0.8753,0.6674,111.31,0.0888,0.6142,0.0986,0.1767
TRK0101,Track 101,Artist 1,Album 1,Classical,25,343536,True,0,1,-19.23,0.291,0.5035,0.3223,87.55,0.8835,0.9253,0.045,0.1218
TRK0102,Track 102,Artist 2,Album 2,Ambient,65,352944,False,5,1,-28.41,0.194,0.1845,0.2337,75.58,0.9577,0.8461,0.0362,0.0624
TRK0103,Track 103,Artist 3,Album 3,Metal,19,129847,False,4,0,-3.6,0.3813,0.8891,0.6143,138.78,0.0887,0.4742,0.1116,0.3977
TRK0104,Track 104,Artist 4,Album 4,Metal,39,146155,False,5,0,-1.71,0.5513,0.9898,0.4122,161.52,0.0687,0.094,0.1223,0.3252
TRK0105,Track 105,Artist 5,Album 5,Electronic,34,199671,False,9,0,-4.09,0.7296,0.887,0.6411,127.06,0.1214,0.6827,0.0808,0.2321
TRK0106,Track 106,Artist 6,Album 6,Rock,93,236891,False,11,1,-6.81,0.5511,0.9692,0.7165,128.34,0.0526,0.0512,0.0887,0.1622
TRK0107,Track 107,Artist 7,Album 7,Jazz,14,203310,False,4,0,-10.53,0.4742,0.3675,0.6276,111.87,0.4853,0.6047,0.0644,0.126
TRK0108,Track 108,Artist 8,Album 8,Electronic,74,318350,False,5,1,-3.51,0.7505,0.9276,0.7035,135.41,0.0341,0.6647,0.0689,0.0889
TRK0109,Track 109,Artist 9,Album 9,Lo-Fi,58,269381,True,4,1,-10.22,0.5846,0.3251,0.3584,92.01,0.5474,0.8118,0.0809,0.1261
TRK0110,Track 110,Artist 10,Album 10,Jazz,12,251691,False,10,1,-13.8,0.626,0.3361,0.7152,105.8,0.642,0.5501,0.0698,0.1231
TRK0111,Track 111,Artist 11,Album 11,Ambient,54,334266,False,11,1,-20.52,0.1265,0.2932,0.3671,75.62,0.8125,0.9322,0.0359,0.1038
TRK0112,Track 112,Artist 12,Album 12,Jazz,23,301180,False,4,1,-12.08,0.4689,0.4942,0.5474,113.05,0.5895,0.7822,0.048,0.0594
TRK0113,Track 113,Artist 13,Album 13,Rock,39,154707,False,3,1,-2.06,0.3999,0.8754,0.7502,141.34,0.2357,0.352,0.0893,0.2198
TRK0114,Track 114,Artist 14,Album 14,Jazz,77,271409,False,2,0,-12.32,0.7255,0.6623,0.4262,87.92,0.5836,0.7055,0.0632,0.1397
TRK0115,Track 115,Artist 15,Album 15,Ambient,27,201537,False,2,0,-20.43,0.1029,0.2113,0.4118,88.24,0.9053,0.9799,0.0487,0.0804
TRK0116,Track 116,Artist 16,Album 16,Rock,71,317576,False,3,1,-3.44,0.6371,0.8647,0.5259,130.02,0.0479,0.2613,0.0916,0.1213
TRK0117,Track 117,Artist 17,Album 17,Acoustic,46,298686,False,8,1,-13.43,0.5404,0.2478,0.2812,114.72,0.8182,0.332,0.0691,0.1489
TRK0118,Track 118,Artist 18,Album 18,Metal,34,342500,False,1,0,-3.19,0.5331,0.9623,0.425,123.43,0.1419,0.1014,0.1075,0.1342
TRK0119,Track 119,Artist 19,Album 19,Metal,57,211155,False,8,1,-3.5,0.4151,0.9583,0.1,169.48,0.0258,0.2732,0.1573,0.2683
TRK0120,Track 120,Artist 20,Album 20,Synthwave,74,120281,False,0,1,-6.85,0.7439,0.8143,0.5391,116.34,0.1648,0.5925,0.0699,0.1315
TRK0121,Track 121,Artist 21,Album 21,Acoustic,62,278492,False,0,0,-16.98,0.6192,0.338,0.4245,99.28,0.8774,0.1808,0.0367,0.1229
TRK0122,Track 122,Artist 22,Album 22,Acoustic,88,331968,False,4,1,-17.28,0.4295,0.177,0.4177,77.36,0.813,0.0887,0.071,0.0894
TRK0123,Track 123,Artist 23,Album 23,Jazz,82,290102,False,5,1,-19.75,0.5118,0.3804,0.7054,92.23,0.6045,0.6498,0.0776,0.131
TRK0124,Track 124,Artist 24,Album 24,Metal,24,252130,False,5,1,-2.83,0.385,0.9876,0.3923,150.2,0.0181,0.0902,0.1207,0.1502
TRK0125,Track 125,Artist 25,Album 25,Ambient,58,337285,False,2,0,-20.61,0.1653,0.198,0.1114,74.09,0.7551,0.7839,0.0608,0.1492
TRK0126,Track 126,Artist 26,Album 26,Pop,77,196260,False,6,0,-6.15,0.7745,0.7127,0.7767,134.69,0.2137,0.0026,0.065,0.2081
TRK0127,Track 127,Artist 27,Album 27,Pop,21,279476,False,8,0,-6.98,0.5,0.6178,0.6291,132.43,0.1727,0.0922,0.0642,0.0614
TRK0128,Track 128,Artist 28,Album 28,Rock,68,354554,True,10,1,-3.45,0.5545,0.841,0.3617,123.68,0.35,0.0267,0.0832,0.08
TRK0129,Track 129,Artist 29,Album 29,Metal,46,356356,False,11,1,-3.43,0.3108,0.9401,0.1563,151.4,0.0227,0.1713,0.1377,0.2199
TRK0130,Track 130,Artist 30,Album 30,Metal,70,280928,True,9,0,-5.27,0.3809,0.9234,0.4168,137.3,0.0201,0.2042,0.1678,0.2581
TRK0131,Track 131,Artist 31,Album 31,Pop,52,260272,False,7,1,-5.41,0.7521,0.7921,0.7424,108.27,0.1318,0.0229,0.0692,0.1616
TRK0132,Track 132,Artist 32,Album 32,Metal,79,184178,False,5,1,-4.04,0.4375,0.9877,0.4533,141.88,0.0145,0.1714,0.1095,0.308
TRK0133,Track 133,Artist 33,Album 33,Jazz,48,153997,False,11,1,-8.18,0.4844,0.3621,0.4896,132.8,0.8409,0.5691,0.0591,0.0893
TRK0134,Track 134,Artist 34,Album 34,Lo-Fi,65,276683,False,7,1,-9.78,0.5379,0.4854,0.4362,79.01,0.589,0.95,0.0644,0.1106
TRK0135,Track 135,Artist 35,Album 35,Classical,72,239273,False,11,1,-19.0,0.2349,0.3503,0.3585,92.2,0.972,0.8325,0.0245,0.1079
TRK0136,Track 136,Artist 36,Album 36,Acoustic,55,292307,False,4,0,-16.34,0.4107,0.2685,0.3735,129.98,0.811,0.2929,0.0377,0.143
TRK0137,Track 137,Artist 37,Album 37,Synthwave,20,286129,False,7,1,-8.41,0.7403,0.6905,0.6691,119.14,0.1052,0.6801,0.0807,0.1255
TRK0138,Track 138,Artist 38,Album 38,Rock,71,252311,False,9,0,-4.04,0.3995,0.8604,0.5794,142.51,0.033,0.0328,0.0929,0.2199
TRK0139,Track 139,Artist 39,Album 39,Lo-Fi,86,354746,False,11,1,-14.05,0.573,0.2917,0.599,95.38,0.5912,0.6221,0.0578,0.086
TRK0140,Track 140,Artist 40,Album 40,Pop,34,316733,False,3,0,-5.98,0.6199,0.7078,0.5414,106.86,0.2298,0.0478,0.0945,0.074
TRK0141,Track 141,Artist 41,Album 41,Acoustic,80,246945,False,9,1,-13.09,0.7076,0.3128,0.5655,122.69,0.9192,0.1667,0.0613,0.158
TRK0142,Track 142,Artist 42,Album 42,Metal,61,165272,False,7,0,-4.74,0.2883,0.8346,0.117,139.06,0.0678,0.1012,0.157,0.2148
TRK0143,Track 143,Artist 43,Album 43,Synthwave,13,209393,False,9,1,-9.42,0.6131,0.6292,0.6075,135.13,0.1456,0.4779,0.0656,0.055
TRK0144,Track 144,Artist 44,Album 44,Metal,68,181212,False,11,0,-2.79,0.3762,0.9261,0.1987,138.9,0.0715,0.4534,0.1701,0.3837
TRK0145,Track 145,Artist 45,Album 45,Ambient,81,266470,False,1,1,-23.55,0.2283,0.2687,0.3467,87.6,0.8642,0.8544,0.0294,0.0971
TRK0146,Track 146,Artist 46,Album 46,Ambient,29,240030,True,11,0,-24.44,0.1821,0.2339,0.5081,53.84,0.8966,0.8967,0.059,0.0871
TRK0147,Track 147,Artist 47,Album 47,Synthwave,72,176503,True,11,1,-6.14,0.6904,0.7559,0.3975,115.66,0.0508,0.7784,0.02,0.1611
TRK0148,Track 148,Artist 48,Album 48,Synthwave,63,257710,False,4,0,-8.7,0.7147,0.6069,0.5406,129.54,0.1137,0.5706,0.0373,0.1173
TRK0149,Track 149,Artist 49,Album 49,Pop,83,126570,False,8,0,-5.18,0.8187,0.7442,0.6133,104.38,0.2484,0.0685,0.0562,0.0505
TRK0150,Track 150,Artist 50,Album 50,Synthwave,66,188785,False,3,1,-6.89,0.6651,0.8069,0.8149,117.73,0.114,0.5623,0.0438,0.1264
TRK0151,Track 151,Artist 1,Album 51,Jazz,50,129110,False,10,1,-14.65,0.7223,0.5099,0.4798,100.87,0.682,0.4639,0.0636,0.1744
TRK0152,Track 152,Artist 2,Album 52,Metal,12,356971,False,5,0,-4.43,0.337,0.8107,0.5216,153.87,0.0628,0.019,0.1752,0.2174
TRK0153,Track 153,Artist 3,Album 53,Lo-Fi,15,199141,False,0,1,-15.0,0.5645,0.2192,0.6189,97.87,0.6834,0.6821,0.0525,0.0995
TRK0154,Track 154,Artist 4,Album 54,Electronic,14,132115,False,8,0,-2.93,0.7595,0.8607,0.7625,128.11,0.01,0.703,0.0649,0.2285
TRK0155,Track 155,Artist 5,Album 55,Synthwave,14,159062,True,0,0,-6.7,0.7972,0.7351,0.8188,121.51,0.2638,0.6397,0.044,0.131
TRK0156,Track 156,Artist 6,Album 56,Rock,63,142911,False,4,0,-9.8,0.6455,0.8014,0.7247,143.18,0.1329,0.2155,0.0605,0.341
TRK0157,Track 157,Artist 7,Album 57,Ambient,56,224061,False,3,1,-19.96,0.3173,0.0588,0.2774,78.72,0.9706,0.8654,0.0762,0.0646
TRK0158,Track 158,Artist 8,Album 58,Jazz,58,152556,False,11,0,-17.09,0.5026,0.4588,0.4495,140.65,0.7805,0.6665,0.037,0.1142
TRK0159,Track 159,Artist 9,Album 59,Acoustic,18,329203,True,2,0,-18.4,0.28,0.4761,0.4041,101.91,0.9697,0.1024,0.0332,0.121
TRK0160,Track 160,Artist 10,Album 60,Electronic,29,248335,False,5,1,-5.65,0.8041,0.8238,0.549,123.25,0.0936,0.6625,0.0596,0.1421
TRK0161,Track 161,Artist 11,Album 61,Lo-Fi,70,121969,False,1,1,-16.33,0.6354,0.3828,0.3988,95.05,0.7097,0.6996,0.0669,0.1078
TRK0162,Track 162,Artist 12,Album 62,Electronic,44,163753,False,2,1,-5.98,0.8039,0.7786,0.7508,126.07,0.1468,0.5555,0.0714,0.2205
TRK0163,Track 163,Artist 13,Album 63,Synthwave,59,333883,False,4,1,-7.02,0.6327,0.8324,0.6563,112.51,0.02,0.6268,0.0635,0.089
TRK0164,Track 164,Artist 14,Album 64,Pop,91,255542,False,8,0,-4.57,0.6674,0.5761,0.5989,128.08,0.02,0.0601,0.0444,0.1643
TRK0165,Track 165,Artist 15,Album 65,Ambient,71,241863,False,1,0,-22.42,0.2328,0.1864,0.2194,59.82,0.9858,0.8567,0.0814,0.0742
TRK0166,Track 166,Artist 16,Album 66,Ambient,26,130225,False,9,0,-27.44,0.1362,0.2419,0.2674,75.31,0.8988,0.8765,0.0214,0.1228
TRK0167,Track 167,Artist 17,Album 67,Acoustic,12,358932,False,7,0,-16.13,0.5517,0.4473,0.3974,129.28,0.8885,0.0804,0.078,0.0843
TRK0168,Track 168,Artist 18,Album 68,Pop,41,243008,False,1,1,-2.47,0.7035,0.8045,0.8139,132.63,0.2224,0.0388,0.03,0.0874
TRK0169,Track 169,Artist 19,Album 69,Metal,22,358582,False,10,0,-3.0,0.2164,0.8808,0.5217,149.61,0.0778,0.3977,0.1788,0.2707
TRK0170,Track 170,Artist 20,Album 70,Classical,82,359367,False,4,0,-16.33,0.2276,0.4379,0.2906,93.67,0.9537,0.9221,0.0569,0.1849
TRK0171,Track 171,Artist 21,Album 71,Jazz,77,274268,False,6,1,-16.42,0.378,0.6693,0.6377,99.68,0.7375,0.4444,0.0724,0.0842
TRK0172,Track 172,Artist 22,Album 72,Ambient,23,225823,False,7,0,-24.07,0.321,0.2858,0.3325,75.71,0.6808,0.8895,0.0607,0.0905
TRK0173,Track 173,Artist 23,Album 73,Rock,20,133669,False,0,0,-4.61,0.5014,0.7943,0.5614,125.09,0.2655,0.0,0.0591,0.1478
TRK0174,Track 174,Artist 24,Album 74,Ambient,65,288452,True,5,0,-24.72,0.2577,0.3298,0.4951,68.4,0.85,0.9098,0.034,0.1189
TRK0175,Track 175,Artist 25,Album 75,Electronic,76,244398,False,0,0,-3.37,0.7053,0.8304,0.4803,136.29,0.2141,0.6867,0.0722,0.1676
TRK0176,Track 176,Artist 26,Album 76,Ambient,38,230677,False,1,0,-27.74,0.3661,0.1907,0.3253,89.79,0.759,0.9606,0.0847,0.135
TRK0177,Track 177,Artist 27,Album 77,Ambient,18,168320,False,0,0,-27.89,0.053,0.2567,0.224,84.31,0.9728,0.8672,0.0424,0.1083
TRK0178,Track 178,Artist 28,Album 78,Classical,76,298486,False,10,1,-26.36,0.2242,0.3537,0.3049,120.21,0.99,0.8579,0.0316,0.1767
TRK0179,Track 179,Artist 29,Album 79,Classical,34,354614,False,4,1,-22.25,0.1611,0.2607,0.3076,89.52,0.8981,0.872,0.0507,0.1236
TRK0180,Track 180,Artist 30,Album 80,Lo-Fi,85,266649,False,9,0,-11.18,0.7312,0.3064,0.2841,97.06,0.8142,0.6708,0.052,0.0825
TRK0181,Track 181,Artist 31,Album 81,Metal,51,245354,False,8,0,-4.69,0.5732,0.9551,0.5054,163.03,0.05,0.495,0.1498,0.3508
TRK0182,Track 182,Artist 32,Album 82,Rock,18,208009,False,5,1,-4.85,0.3462,0.9036,0.6025,124.67,0.1308,0.4055,0.0572,0.1488
TRK0183,Track 183,Artist 33,Album 83,Ambient,88,306481,False,10,0,-21.49,0.368,0.3823,0.3657,60.94,0.99,0.899,0.0332,0.0676
TRK0184,Track 184,Artist 34,Album 84,Ambient,49,148625,False,10,0,-26.76,0.2739,0.2276,0.4287,67.97,0.9593,0.874,0.0933,0.118
TRK0185,Track 185,Artist 35,Album 85,Jazz,34,332112,False,0,0,-9.72,0.3475,0.5471,0.4439,111.89,0.7419,0.7516,0.0845,0.0913
TRK0186,Track 186,Artist 36,Album 86,Classical,14,144089,False,0,1,-21.98,0.2421,0.1,0.1732,110.45,0.8413,0.843,0.0434,0.1127
TRK0187,Track 187,Artist 37,Album 87,Rock,20,156487,False,1,0,-2.15,0.3949,0.8218,0.25,117.65,0.0758,0.1261,0.0657,0.2576
TRK0188,Track 188,Artist 38,Album 88,Acoustic,68,316910,False,8,1,-10.53,0.3882,0.5493,0.3409,111.11,0.8909,0.3945,0.0392,0.0581
TRK0189,Track 189,Artist 39,Album 89,Lo-Fi,88,348071,True,2,0,-9.51,0.5833,0.3475,0.3459,81.41,0.616,0.8176,0.0616,0.0896
TRK0190,Track 190,Artist 40,Album 90,Metal,47,230448,False,0,1,-2.79,0.4255,0.8277,0.488,149.07,0.0917,0.3223,0.0883,0.2357
TRK0191,Track 191,Artist 41,Album 91,Pop,81,345867,False,4,1,-6.09,0.6583,0.7104,0.6534,106.21,0.1244,0.0569,0.1161,0.1527
TRK0192,Track 192,Artist 42,Album 92,Metal,14,170138,False,6,0,-4.74,0.3169,0.9748,0.415,129.45,0.077,0.4007,0.0875,0.2429
TRK0193,Track 193,Artist 43,Album 93,Electronic,57,293895,False,5,1,-5.81,0.95,0.8872,0.6461,131.78,0.1827,0.6375,0.0582,0.2022
TRK0194,Track 194,Artist 44,Album 94,Ambient,27,288280,False,11,0,-28.35,0.143,0.0988,0.4529,81.97,0.8028,0.8883,0.0661,0.0912
TRK0195,Track 195,Artist 45,Album 95,Lo-Fi,79,174061,False,0,1,-15.8,0.6761,0.4888,0.617,79.41,0.8269,0.7713,0.0848,0.1272
TRK0196,Track 196,Artist 46,Album 96,Electronic,46,281731,False,4,0,-4.5,0.9023,0.8536,0.7008,117.25,0.1303,0.8154,0.1087,0.23
TRK0197,Track 197,Artist 47,Album 97,Rock,69,221376,False,4,0,-5.97,0.3656,0.8306,0.4611,134.23,0.0527,0.129,0.0597,0.1671
TRK0198,Track 198,Artist 48,Album 98,Pop,57,282962,False,5,1,-5.98,0.7091,0.7758,0.4,95.0,0.1661,0.0421,0.0857,0.1109
TRK0199,Track 199,Artist 49,Album 99,Classical,86,199134,False,2,0,-21.95,0.3127,0.2398,0.502,109.42,0.9328,0.8555,0.061,0.1439
TRK0200,Track 200,Artist 50,Album 100,Lo-Fi,37,167055,False,4,0,-11.74,0.7157,0.2326,0.4944,88.19,0.7131,0.7166,0.0398,0.0863
TRK0201,Track 201,Artist 1,Album 1,Lo-Fi,78,139508,True,6,1,-15.48,0.5609,0.5393,0.2,81.77,0.711,0.8007,0.0417,0.144
TRK0202,Track 202,Artist 2,Album 2,Ambient,86,293359,False,4,0,-25.04,0.1934,0.2497,0.404,58.94,0.99,0.8551,0.0238,0.1151
TRK0203,Track 203,Artist 3,Album 3,Synthwave,90,329988,False,4,0,-4.6,0.6403,0.8277,0.3967,100.98,0.1082,0.8293,0.0389,0.184
TRK0204,Track 204,Artist 4,Album 4,Lo-Fi,49,278056,True,4,1,-9.24,0.6726,0.4106,0.5138,86.6,0.6634,0.725,0.0386,0.0437
TRK0205,Track 205,Artist 5,Album 5,Jazz,54,230169,False,9,1,-21.88,0.5657,0.4507,0.5598,98.43,0.5299,0.5574,0.0874,0.0916
TRK0206,Track 206,Artist 6,Album 6,Pop,71,128125,False,9,0,-5.32,0.6783,0.8528,0.4721,105.84,0.2264,0.1528,0.0393,0.0841
TRK0207,Track 207,Artist 7,Album 7,Pop,67,156059,False,2,0,-6.52,0.8164,0.6938,0.4854,125.2,0.2615,0.1211,0.0997,0.1731
TRK0208,Track 208,Artist 8,Album 8,Jazz,76,320641,False,0,1,-14.68,0.75,0.4022,0.4082,151.19,0.4731,0.3229,0.0624,0.1499
TRK0209,Track 209,Artist 9,Album 9,Acoustic,65,223409,False,4,1,-13.26,0.5994,0.2592,0.459,101.52,0.7787,0.1438,0.0671,0.2148
TRK0210,Track 210,Artist 10,Album 10,Jazz,49,268159,False,8,0,-15.32,0.3,0.4454,0.5075,133.72,0.6722,0.788,0.0678,0.2279
TRK0211,Track 211,Artist 11,Album 11,Jazz,49,357509,False,0,1,-18.67,0.5644,0.5492,0.4142,99.2,0.5745,0.4876,0.0705,0.0583
TRK0212,Track 212,Artist 12,Album 12,Pop,86,125704,True,2,0,-3.63,0.869,0.6847,0.704,102.13,0.2094,0.0212,0.0331,0.1935
TRK0213,Track 213,Artist 13,Album 13,Metal,42,311648,False,3,0,-4.41,0.3893,0.97,0.6355,161.59,0.0644,0.3358,0.146,0.2245
TRK0214,Track 214,Artist 14,Album 14,Pop,15,324456,False,0,0,-4.43,0.7561,0.7074,0.6361,120.0,0.3151,0.0047,0.1028,0.1717
TRK0215,Track 215,Artist 15,Album 15,Synthwave,28,338200,False,0,0,-7.19,0.6155,0.6446,0.6472,119.88,0.2203,0.6159,0.0652,0.1622
TRK0216,Track 216,Artist 16,Album 16,Ambient,89,231279,False,7,0,-29.34,0.2917,0.2306,0.2179,87.97,0.9798,0.9011,0.0208,0.0794
TRK0217,Track 217,Artist 17,Album 17,Electronic,49,323532,False,1,1,-3.09,0.8703,0.9035,0.5498,116.66,0.05,0.5543,0.0722,0.1638
TRK0218,Track 218,Artist 18,Album 18,Metal,68,278280,True,11,1,-4.88,0.3307,0.8446,0.1765,144.49,0.0281,0.2474,0.1018,0.3193
TRK0219,Track 219,Artist 19,Album 19,Classical,68,238516,False,7,1,-11.12,0.2623,0.4576,0.2653,115.58,0.9199,0.8613,0.0287,0.1692
TRK0220,Track 220,Artist 20,Album 20,Electronic,57,336222,False,6,1,-4.1,0.7806,0.7768,0.6241,135.92,0.0631,0.6307,0.0768,0.2202
TRK0221,Track 221,Artist 21,Album 21,Ambient,50,317096,False,9,0,-24.61,0.3317,0.1659,0.3402,69.17,0.9176,0.9576,0.0611,0.089
TRK0222,Track 222,Artist 22,Album 22,Synthwave,22,290954,True,9,0,-3.39,0.8245,0.7519,0.706,121.39,0.1266,0.5386,0.0542,0.1236
TRK0223,Track 223,Artist 23,Album 23,Synthwave,54,276995,False,1,0,-8.96,0.6112,0.92,0.6255,121.78,0.1085,0.7378,0.0595,0.1575
TRK0224,Track 224,Artist 24,Album 24,Classical,62,234044,False,5,0,-16.83,0.4407,0.4042,0.4412,99.48,0.8443,0.8558,0.0419,0.0646
TRK0225,Track 225,Artist 25,Album 25,Metal,51,352549,False,5,1,-6.05,0.4997,0.8835,0.1966,138.33,0.0507,0.2524,0.1176,0.2655
TRK0226,Track 226,Artist 26,Album 26,Acoustic,72,149165,True,2,0,-16.69,0.3747,0.15,0.582,108.27,0.9338,0.0362,0.0505,0.1386
TRK0227,Track 227,Artist 27,Album 27,Jazz,36,187203,False,10,0,-18.97,0.3947,0.6595,0.7099,107.36,0.7112,0.5273,0.0401,0.2414
TRK0228,Track 228,Artist 28,Album 28,Metal,47,342821,True,1,1,-3.07,0.3714,0.9242,0.5977,164.72,0.0,0.2995,0.1208,0.234
TRK0229,Track 229,Artist 29,Album 29,Acoustic,69,124114,False,11,1,-14.9,0.3591,0.3091,0.517,120.23,0.862,0.1212,0.0476,0.1596
TRK0230,Track 230,Artist 30,Album 30,Synthwave,16,316037,False,0,1,-4.81,0.5967,0.6813,0.4012,132.56,0.2065,0.6872,0.0409,0.097
TRK0231,Track 231,Artist 31,Album 31,Pop,14,156321,False,5,1,-5.5,0.8724,0.6955,0.8166,120.34,0.1788,0.1102,0.0797,0.1519
TRK0232,Track 232,Artist 32,Album 32,Ambient,54,193297,False,11,0,-26.37,0.0874,0.2231,0.2437,58.68,0.8086,0.8737,0.0706,0.0681
TRK0233,Track 233,Artist 33,Album 33,Classical,67,216652,False,4,0,-22.89,0.3235,0.1511,0.2511,63.39,0.9552,0.8259,0.0398,0.1566
TRK0234,Track 234,Artist 34,Album 34,Ambient,40,219304,False,10,1,-23.04,0.2188,0.1155,0.1941,66.19,0.8106,0.8808,0.0558,0.0733
TRK0235,Track 235,Artist 35,Album 35,Rock,32,276498,False,8,0,-6.15,0.5685,0.7826,0.4293,131.53,0.1338,0.172,0.1014,0.2041
TRK0236,Track 236,Artist 36,Album 36,Rock,51,137772,False,0,0,-6.62,0.4309,0.7518,0.3306,146.79,0.01,0.1988,0.0526,0.1693
TRK0237,Track 237,Artist 37,Album 37,Metal,19,223754,False,6,0,-4.76,0.5446,0.9208,0.4686,173.61,0.0549,0.0848,0.1112,0.198
TRK0238,Track 238,Artist 38,Album 38,Synthwave,41,123712,True,4,1,-8.13,0.6724,0.7693,0.6295,123.57,0.1406,0.7484,0.039,0.1726
TRK0239,Track 239,Artist 39,Album 39,Synthwave,62,252439,True,4,0,-9.8,0.7758,0.6619,0.5344,114.69,0.1695,0.8034,0.025,0.0757
TRK0240,Track 240,Artist 40,Album 40,Jazz,39,357565,False,1,1,-17.07,0.682,0.4857,0.3373,106.14,0.7918,0.5583,0.0533,0.1109
TRK0241,Track 241,Artist 41,Album 41,Jazz,48,358389,False,10,0,-14.98,0.6683,0.6509,0.3522,143.1,0.5915,0.68,0.0882,0.1427
TRK0242,Track 242,Artist 42,Album 42,Jazz,40,235142,False,2,0,-14.79,0.6301,0.3168,0.6721,117.86,0.5807,0.5094,0.0323,0.1232
TRK0243,Track 243,Artist 43,Album 43,Pop,91,211736,False,6,0,-2.91,0.6351,0.7459,0.7368,117.44,0.2663,0.0177,0.1101,0.1449
TRK0244,Track 244,Artist 44,Album 44,Electronic,11,171924,False,5,1,-5.74,0.949,0.8171,0.5599,126.03,0.1357,0.8489,0.0569,0.1791
TRK0245,Track 245,Artist 45,Album 45,Lo-Fi,87,123726,False,11,0,-11.26,0.6994,0.5159,0.4512,68.3,0.7744,0.6667,0.0571,0.1336
TRK0246,Track 246,Artist 46,Album 46,Electronic,86,209152,False,1,1,-3.58,0.7729,0.8097,0.3,133.59,0.0848,0.877,0.078,0.1329
TRK0247,Track 247,Artist 47,Album 47,Ambient,21,147723,False,5,1,-25.0,0.3651,0.1825,0.4194,71.67,0.8628,0.9286,0.0657,0.1186
TRK0248,Track 248,Artist 48,Album 48,Electronic,48,246969,False,1,1,-4.62,0.8566,0.8413,0.5403,123.57,0.2164,0.5387,0.0958,0.1032
TRK0249,Track 249,Artist 49,Album 49,Pop,75,354182,False,1,0,-5.88,0.7438,0.8959,0.6015,108.83,0.1883,0.1166,0.0535,0.05
TRK0250,Track 250,Artist 50,Album 50,Ambient,22,220494,False,1,0,-20.36,0.345,0.1189,0.3848,64.46,0.8383,0.9376,0.0263,0.1054
TRK0251,Track 251,Artist 1,Album 51,Electronic,55,260180,False,10,0,-3.69,0.8132,0.7996,0.8326,133.27,0.01,0.7796,0.0586,0.1698
TRK0252,Track 252,Artist 2,Album 52,Pop,36,328786,False,2,0,-6.29,0.676,0.6019,0.8607,133.98,0.1913,0.0841,0.0689,0.1439
TRK0253,Track 253,Artist 3,Album 53,Lo-Fi,26,155643,False,1,1,-10.42,0.6237,0.4123,0.335,82.48,0.7314,0.9338,0.0366,0.1256
TRK0254,Track 254,Artist 4,Album 54,Electronic,69,282396,False,3,1,-5.15,0.6486,0.8787,0.7432,132.71,0.095,0.7,0.0734,0.0755
TRK0255,Track 255,Artist 5,Album 55,Pop,73,223896,True,8,1,-5.85,0.6906,0.6866,0.95,135.03,0.085,0.0639,0.1237,0.0802
TRK0256,Track 256,Artist 6,Album 56,Jazz,44,334432,False,5,0,-12.93,0.5624,0.2971,0.5569,137.32,0.831,0.5626,0.11,0.05
TRK0257,Track 257,Artist 7,Album 57,Synthwave,79,259999,False,0,1,-6.11,0.567,0.7872,0.5174,123.07,0.1411,0.6009,0.0348,0.1973
TRK0258,Track 258,Artist 8,Album 58,Jazz,92,213680,False,7,0,-15.64,0.3798,0.5161,0.4708,115.09,0.7484,0.7775,0.0428,0.1485
TRK0259,Track 259,Artist 9,Album 59,Synthwave,39,216546,False,11,1,-7.2,0.7277,0.7614,0.5835,115.3,0.1426,0.9046,0.0978,0.1351
TRK0260,Track 260,Artist 10,Album 60,Classical,80,273515,False,6,0,-22.7,0.1404,0.2359,0.331,87.12,0.8634,0.976,0.0403,0.1247
TRK0261,Track 261,Artist 11,Album 61,Classical,83,199973,False,9,0,-24.94,0.4178,0.3181,0.2719,65.48,0.8963,0.8058,0.0568,0.1938
TRK0262,Track 262,Artist 12,Album 62,Classical,72,183449,False,2,1,-16.02,0.1878,0.3086,0.2276,110.44,0.8804,0.8724,0.0502,0.0774
TRK0263,Track 263,Artist 13,Album 63,Lo-Fi,37,229834,True,0,1,-9.68,0.5917,0.5734,0.6745,83.87,0.6036,0.6345,0.0775,0.1091
TRK0264,Track 264,Artist 14,Album 64,Jazz,69,356386,False,4,1,-18.9,0.75,0.3576,0.3155,118.85,0.7874,0.4589,0.0607,0.2185
TRK0265,Track 265,Artist 15,Album 65,Synthwave,88,327815,False,3,1,-6.34,0.6988,0.7368,0.5949,125.1,0.1655,0.5788,0.04,0.1771
TRK0266,Track 266,Artist 16,Album 66,Pop,46,311305,False,9,0,-7.15,0.7872,0.7725,0.7771,115.25,0.1232,0.0805,0.1138,0.1034
TRK0267,Track 267,Artist 17,Album 67,Ambient,31,145537,False,7,1,-24.87,0.2337,0.3296,0.3563,60.14,0.8426,0.8877,0.0265,0.0969
TRK0268,Track 268,Artist 18,Album 68,Pop,77,352365,False,0,1,-5.87,0.6911,0.7133,0.8566,115.64,0.205,0.0476,0.0648,0.1432
TRK0269,Track 269,Artist 19,Album 69,Ambient,29,197576,False,9,1,-22.32,0.258,0.1313,0.2794,91.4,0.8356,0.9081,0.0533,0.1125
TRK0270,Track 270,Artist 20,Album 70,Rock,77,227522,False,0,0,-6.12,0.5026,0.7471,0.3672,148.32,0.2116,0.2149,0.0862,0.1903
TRK0271,Track 271,Artist 21,Album 71,Pop,73,142612,False,11,0,-7.18,0.6416,0.652,0.8255,114.08,0.3055,0.0425,0.0597,0.0962
TRK0272,Track 272,Artist 22,Album 72,Electronic,26,345049,False,3,1,-5.68,0.8793,0.7741,0.9,121.28,0.145,0.6282,0.0636,0.0964
TRK0273,Track 273,Artist 23,Album 73,Electronic,21,126471,False,7,0,-5.25,0.6989,0.7323,0.6367,122.92,0.2011,0.8,0.1039,0.126
TRK0274,Track 274,Artist 24,Album 74,Metal,31,286703,False,4,1,-3.27,0.18,0.9059,0.3648,148.39,0.0487,0.312,0.05,0.2679
TRK0275,Track 275,Artist 25,Album 75,Jazz,26,343131,False,1,0,-20.6,0.6838,0.4942,0.4804,137.1,0.4,0.5228,0.0447,0.1483
TRK0276,Track 276,Artist 26,Album 76,Ambient,19,151348,False,5,0,-24.29,0.382,0.18,0.3319,83.35,0.951,0.8069,0.0522,0.1344
TRK0277,Track 277,Artist 27,Album 77,Ambient,74,315804,False,4,0,-22.62,0.1549,0.1517,0.2607,69.18,0.8378,0.9754,0.0381,0.0854
TRK0278,Track 278,Artist 28,Album 78,Jazz,31,121177,False,1,0,-17.32,0.5325,0.2905,0.4908,113.02,0.7671,0.4542,0.0796,0.1451
TRK0279,Track 279,Artist 29,Album 79,Lo-Fi,91,255832,False,10,1,-12.77,0.5453,0.5541,0.4608,94.37,0.5292,0.95,0.0779,0.1023
TRK0280,Track 280,Artist 30,Album 80,Metal,59,152779,True,10,1,-3.09,0.4735,0.9539,0.3774,145.24,0.0668,0.0,0.1051,0.1347
TRK0281,Track 281,Artist 31,Album 81,Lo-Fi,23,141636,False,10,1,-13.45,0.5959,0.2386,0.3847,86.49,0.6795,0.6327,0.03,0.1122
TRK0282,Track 282,Artist 32,Album 82,Lo-Fi,73,201889,False,2,0,-16.11,0.6294,0.3656,0.5316,93.47,0.7147,0.718,0.0605,0.0998
TRK0283,Track 283,Artist 33,Album 83,Lo-Fi,56,173551,False,8,1,-11.39,0.7374,0.4613,0.7186,105.0,0.5824,0.7165,0.1102,0.1088
TRK0284,Track 284,Artist 34,Album 84,Jazz,38,262628,False,6,1,-19.73,0.3979,0.468,0.7898,140.73,0.5768,0.5406,0.0374,0.1074
TRK0285,Track 285,Artist 35,Album 85,Lo-Fi,85,278670,True,6,1,-16.29,0.6432,0.5159,0.5227,98.66,0.8073,0.6953,0.0448,0.0884
TRK0286,Track 286,Artist 36,Album 86,Electronic,45,262635,True,10,0,-4.38,0.7823,0.68,0.7028,128.58,0.1283,0.8086,0.074,0.2416
TRK0287,Track 287,Artist 37,Album 87,Classical,61,166819,False,5,0,-27.55,0.2243,0.3143,0.1,82.45,0.8771,0.8937,0.0325,0.0701
TRK0288,Track 288,Artist 38,Album 88,Rock,85,193770,False,7,0,-8.59,0.4604,0.9761,0.5907,146.91,0.078,0.0,0.0456,0.1942
TRK0289,Track 289,Artist 39,Album 89,Ambient,16,342127,False,3,1,-21.72,0.1493,0.1531,0.1679,50.0,0.8732,0.9023,0.0656,0.0667
TRK0290,Track 290,Artist 40,Album 90,Ambient,38,278038,True,7,1,-20.38,0.4029,0.221,0.239,82.18,0.7974,0.8588,0.0637,0.0958
TRK0291,Track 291,Artist 41,Album 91,Rock,20,332781,False,3,1,-6.34,0.4758,0.7927,0.465,109.84,0.2152,0.3686,0.0624,0.1592
TRK0292,Track 292,Artist 42,Album 92,Jazz,42,310961,False,7,0,-16.68,0.482,0.648,0.3922,103.29,0.5012,0.644,0.0587,0.0931
TRK0293,Track 293,Artist 43,Album 93,Pop,15,278059,False,8,0,-9.44,0.8426,0.7529,0.6922,121.27,0.3395,0.0082,0.0681,0.1332
TRK0294,Track 294,Artist 44,Album 94,Jazz,88,198714,False,2,1,-10.71,0.4584,0.5756,0.614,133.74,0.5793,0.5301,0.03,0.1966
TRK0295,Track 295,Artist 45,Album 95,Ambient,41,355946,False,2,0,-23.49,0.3584,0.3283,0.3422,103.35,0.834,0.8116,0.0672,0.05
TRK0296,Track 296,Artist 46,Album 96,Ambient,60,309420,False,10,0,-26.54,0.3455,0.2259,0.5278,50.51,0.8434,0.9009,0.0231,0.0654
TRK0297,Track 297,Artist 47,Album 97,Rock,84,144596,False,1,0,-3.14,0.41,0.8114,0.4596,135.72,0.202,0.2082,0.0618,0.2171
TRK0298,Track 298,Artist 48,Album 98,Lo-Fi,67,284246,False,9,0,-14.01,0.6856,0.5473,0.5979,102.18,0.4508,0.7597,0.0535,0.1063
TRK0299,Track 299,Artist 49,Album 99,Jazz,35,184106,False,2,1,-16.91,0.5896,0.233,0.5605,99.57,0.59,0.6658,0.0616,0.2027
TRK0300,Track 300,Artist 50,Album 100,Synthwave,55,358582,False,2,0,-7.3,0.6735,0.8511,0.6233,122.26,0.2276,0.6513,0.0377,0.143
TRK0301,Track 301,Artist 1,Album 1,Rock,38,321039,False,4,0,-4.42,0.6322,0.8496,0.4565,136.09,0.0778,0.2447,0.0421,0.2733
TRK0302,Track 302,Artist 2,Album 2,Electronic,13,179182,False,4,0,-5.63,0.7685,0.9034,0.6916,138.64,0.1793,0.7028,0.0526,0.1329
TRK0303,Track 303,Artist 3,Album 3,Ambient,90,344372,False,1,0,-28.17,0.3582,0.1635,0.2627,107.73,0.8417,0.8683,0.0655,0.0983
TRK0304,Track 304,Artist 4,Album 4,Rock,22,207163,False,11,1,-2.72,0.6241,0.7602,0.5565,128.77,0.1684,0.0,0.0633,0.2675
TRK0305,Track 305,Artist 5,Album 5,Jazz,48,159310,False,9,1,-14.38,0.4509,0.5605,0.3858,107.51,0.6114,0.6163,0.08,0.1632
TRK0306,Track 306,Artist 6,Album 6,Ambient,24,176088,False,5,0,-28.74,0.3467,0.1358,0.2923,94.94,0.8923,0.8767,0.02,0.1093
TRK0307,Track 307,Artist 7,Album 7,Pop,38,248803,False,4,0,-6.98,0.703,0.8561,0.7516,95.72,0.22,0.0372,0.0418,0.1534
TRK0308,Track 308,Artist 8,Album 8,Rock,38,259978,False,5,0,-8.08,0.4714,0.8299,0.4561,131.72,0.1025,0.0962,0.0899,0.2657
TRK0309,Track 309,Artist 9,Album 9,Metal,84,156914,False,0,0,-3.43,0.4747,0.9899,0.5836,156.45,0.0183,0.4134,0.0852,0.226
TRK0310,Track 310,Artist 10,Album 10,Ambient,41,230350,False,4,0,-22.65,0.1695,0.1083,0.3466,108.01,0.9495,0.9354,0.0696,0.1191
TRK0311,Track 311,Artist 11,Album 11,Jazz,11,165379,False,8,0,-15.6,0.6399,0.2858,0.5299,113.38,0.6595,0.5308,0.0704,0.1091
TRK0312,Track 312,Artist 12,Album 12,Classical,56,329684,False,11,1,-17.3,0.2346,0.4796,0.3482,93.48,0.8776,0.8503,0.0562,0.0705
TRK0313,Track 313,Artist 13,Album 13,Synthwave,87,288722,False,9,0,-9.06,0.7177,0.7094,0.756,123.39,0.1145,0.4769,0.0546,0.1182
TRK0314,Track 314,Artist 14,Album 14,Acoustic,93,297953,False,1,1,-17.23,0.3956,0.4369,0.18,113.66,0.835,0.1997,0.0441,0.1417
TRK0315,Track 315,Artist 15,Album 15,Lo-Fi,31,166413,False,0,1,-8.6,0.6461,0.424,0.4981,88.8,0.6072,0.6909,0.0485,0.1017
TRK0316,Track 316,Artist 16,Album 16,Acoustic,84,257084,False,9,0,-10.6,0.4646,0.2356,0.5258,132.24,0.7491,0.3473,0.0583,0.1714
TRK0317,Track 317,Artist 17,Album 17,Jazz,36,301187,False,10,1,-14.55,0.6473,0.4367,0.6827,120.09,0.7809,0.78,0.0382,0.1897
TRK0318,Track 318,Artist 18,Album 18,Electronic,76,127151,False,8,1,-6.89,0.7897,0.8589,0.6322,140.19,0.018,0.3916,0.0313,0.2135
TRK0319,Track 319,Artist 19,Album 19,Electronic,90,177716,False,9,1,-7.23,0.7893,0.842,0.4959,134.81,0.0924,0.6143,0.0747,0.196
TRK0320,Track 320,Artist 20,Album 20,Classical,65,213747,False,8,1,-26.43,0.3873,0.5675,0.1361,111.96,0.8817,0.9059,0.0278,0.1852
TRK0321,Track 321,Artist 21,Album 21,Lo-Fi,30,343725,False,8,1,-12.99,0.6305,0.4191,0.3976,76.57,0.7222,0.7578,0.0601,0.1358
TRK0322,Track 322,Artist 22,Album 22,Metal,56,287450,False,5,1,-4.99,0.432,0.8947,0.2226,138.74,0.035,0.2192,0.1666,0.2322
TRK0323,Track 323,Artist 23,Album 23,Classical,89,293724,False,7,0,-15.09,0.3028,0.3656,0.172,97.54,0.8797,0.8362,0.0473,0.1255
TRK0324,Track 324,Artist 24,Album 24,Acoustic,68,323502,False,10,1,-16.83,0.4988,0.5276,0.3855,94.15,0.8938,0.2864,0.0224,0.1221
TRK0325,Track 325,Artist 25,Album 25,Classical,93,264539,False,0,1,-13.08,0.3143,0.3515,0.5518,102.29,0.9825,0.8248,0.0493,0.1291
TRK0326,Track 326,Artist 26,Album 26,Acoustic,15,282082,False,9,1,-14.93,0.3523,0.2336,0.7064,94.8,0.7964,0.0624,0.073,0.0799
TRK0327,Track 327,Artist 27,Album 27,Ambient,28,241999,False,3,0,-19.04,0.2234,0.2829,0.2436,86.23,0.7563,0.99,0.0452,0.1003
TRK0328,Track 328,Artist 28,Album 28,Electronic,66,234793,True,0,1,-7.87,0.7389,0.9667,0.5624,133.37,0.0656,0.4466,0.0783,0.192
TRK0329,Track 329,Artist 29,Album 29,Ambient,78,305763,True,7,0,-28.39,0.2193,0.2961,0.36,74.07,0.8022,0.99,0.0211,0.0982
TRK0330,Track 330,Artist 30,Album 30,Synthwave,12,315229,False,0,1,-3.0,0.7852,0.7794,0.6014,138.0,0.1085,0.9098,0.0422,0.1107
TRK0331,Track 331,Artist 31,Album 31,Lo-Fi,10,228177,False,2,0,-14.69,0.6371,0.2563,0.5138,83.27,0.7367,0.7366,0.1043,0.1267
TRK0332,Track 332,Artist 32,Album 32,Metal,67,132289,False,3,0,-5.74,0.4125,0.88,0.3128,124.97,0.1132,0.1756,0.1475,0.2274
TRK0333,Track 333,Artist 33,Album 33,Acoustic,47,296048,False,7,1,-18.77,0.5198,0.3901,0.5282,65.0,0.7512,0.2458,0.0315,0.1381
TRK0334,Track 334,Artist 34,Album 34,Metal,24,294668,False,5,1,-2.3,0.4732,0.9666,0.4598,167.72,0.0969,0.0887,0.0885,0.3128
TRK0335,Track 335,Artist 35,Album 35,Acoustic,43,274243,False,9,0,-13.7,0.4326,0.2756,0.3587,79.11,0.7483,0.0253,0.0441,0.1408
TRK0336,Track 336,Artist 36,Album 36,Jazz,70,351513,False,11,1,-10.27,0.4991,0.3919,0.5185,85.08,0.7651,0.7928,0.0475,0.1301
TRK0337,Track 337,Artist 37,Album 37,Classical,44,206365,False,6,0,-21.85,0.2877,0.4382,0.3362,143.91,0.9294,0.8938,0.0457,0.0978
TRK0338,Track 338,Artist 38,Album 38,Synthwave,73,350662,False,7,0,-5.96,0.7415,0.7901,0.4387,136.73,0.2185,0.7045,0.0445,0.1279
TRK0339,Track 339,Artist 39,Album 39,Electronic,34,234014,False,1,0,-4.77,0.6377,0.98,0.5094,127.98,0.1021,0.9495,0.0682,0.2394
TRK0340,Track 340,Artist 40,Album 40,Acoustic,33,295211,False,9,0,-16.95,0.4038,0.3635,0.4334,88.49,0.8786,0.1522,0.0611,0.1377
TRK0341,Track 341,Artist 41,Album 41,Metal,21,299785,False,10,0,-4.25,0.4768,0.8888,0.1,147.83,0.0334,0.3688,0.2,0.3919
TRK0342,Track 342,Artist 42,Album 42,Synthwave,27,280806,False,7,1,-8.18,0.6139,0.8268,0.5356,121.92,0.1037,0.7301,0.0338,0.1674
TRK0343,Track 343,Artist 43,Album 43,Pop,24,192588,False,2,0,-5.01,0.7729,0.6362,0.7737,108.4,0.2261,0.0909,0.074,0.0988
TRK0344,Track 344,Artist 44,Album 44,Pop,89,183646,False,6,0,-4.73,0.6527,0.7136,0.7119,136.33,0.2027,0.0509,0.1021,0.142
TRK0345,Track 345,Artist 45,Album 45,Ambient,36,123654,False,2,1,-24.3,0.3579,0.1738,0.05,67.73,0.9467,0.8983,0.0432,0.135
TRK0346,Track 346,Artist 46,Album 46,Electronic,81,340094,False,6,0,-6.44,0.6335,0.7446,0.6786,127.46,0.1873,0.54,0.0638,0.1158
TRK0347,Track 347,Artist 47,Album 47,Jazz,69,138743,False,10,1,-14.3,0.3608,0.4037,0.4922,112.27,0.9,0.875,0.045,0.05
TRK0348,Track 348,Artist 48,Album 48,Metal,55,168368,False,11,1,-4.5,0.4377,0.877,0.2284,179.82,0.0423,0.4192,0.0828,0.246
TRK0349,Track 349,Artist 49,Album 49,Classical,26,341097,True,1,1,-23.76,0.2325,0.5233,0.1417,112.5,0.8787,0.8832,0.0366,0.1547
TRK0350,Track 350,Artist 50,Album 50,Classical,62,325244,False,9,0,-14.87,0.4158,0.3457,0.1507,122.01,0.8881,0.7134,0.0433,0.1603
TRK0351,Track 351,Artist 1,Album 51,Metal,17,257513,False,5,0,-3.63,0.3622,0.9273,0.3576,177.78,0.0257,0.2164,0.0866,0.1486
TRK0352,Track 352,Artist 2,Album 52,Lo-Fi,88,239735,True,2,0,-12.72,0.7781,0.3621,0.3742,86.87,0.7589,0.7344,0.0881,0.0856
TRK0353,Track 353,Artist 3,Album 53,Jazz,36,275683,False,2,1,-15.91,0.5796,0.4972,0.5071,89.43,0.9,0.5646,0.0622,0.1808
TRK0354,Track 354,Artist 4,Album 54,Synthwave,55,239891,False,8,0,-8.42,0.6846,0.7258,0.6299,115.24,0.1688,0.5744,0.0334,0.0654
TRK0355,Track 355,Artist 5,Album 55,Acoustic,59,227971,False,6,1,-16.36,0.28,0.3193,0.3752,110.72,0.8536,0.2757,0.1,0.1755
TRK0356,Track 356,Artist 6,Album 56,Lo-Fi,80,132149,False,4,0,-13.04,0.6105,0.4582,0.278,81.85,0.6762,0.8084,0.0723,0.0877
TRK0357,Track 357,Artist 7,Album 57,Acoustic,12,220102,False,11,1,-16.27,0.5445,0.2701,0.6189,118.97,0.8637,0.1891,0.0407,0.1049
TRK0358,Track 358,Artist 8,Album 58,Acoustic,73,179189,False,9,0,-20.06,0.55,0.3701,0.3908,121.49,0.8361,0.0807,0.0551,0.0895
TRK0359,Track 359,Artist 9,Album 59,Lo-Fi,53,358976,False,6,0,-15.44,0.6496,0.3208,0.4495,75.33,0.8209,0.6839,0.0514,0.1213
TRK0360,Track 360,Artist 10,Album 60,Ambient,62,272747,False,8,0,-23.09,0.1049,0.2305,0.2555,66.48,0.8983,0.8594,0.0445,0.0731
TRK0361,Track 361,Artist 11,Album 61,Pop,33,191031,False,0,1,-4.22,0.8266,0.5825,0.6935,130.28,0.1579,0.0048,0.0926,0.1801
TRK0362,Track 362,Artist 12,Album 62,Acoustic,69,162668,False,6,1,-12.35,0.5366,0.3598,0.3241,123.57,0.9148,0.0362,0.0573,0.1561
TRK0363,Track 363,Artist 13,Album 63,Lo-Fi,12,264745,False,5,0,-9.58,0.644,0.3028,0.4197,74.93,0.6949,0.7253,0.1029,0.1368
TRK0364,Track 364,Artist 14,Album 64,Lo-Fi,29,327738,False,9,0,-13.49,0.6877,0.3469,0.447,83.16,0.7188,0.7889,0.06,0.1013
TRK0365,Track 365,Artist 15,Album 65,Rock,55,208204,False,11,1,-4.12,0.3807,0.9227,0.85,151.59,0.0493,0.2287,0.0905,0.1758
TRK0366,Track 366,Artist 16,Album 66,Ambient,24,331830,False,8,1,-24.21,0.2044,0.3223,0.3365,66.24,0.9036,0.9529,0.054,0.1144
TRK0367,Track 367,Artist 17,Album 67,Electronic,34,316501,False,0,1,-5.1,0.7006,0.8394,0.6932,126.98,0.148,0.5912,0.0635,0.2016
TRK0368,Track 368,Artist 18,Album 68,Rock,87,274741,False,3,0,-6.71,0.4788,0.9027,0.4467,116.91,0.01,0.0946,0.0962,0.08
TRK0369,Track 369,Artist 19,Album 69,Rock,80,285140,False,8,1,-4.74,0.5639,0.6404,0.4734,150.54,0.3134,0.179,0.0515,0.1424
TRK0370,Track 370,Artist 20,Album 70,Metal,26,339861,True,3,0,-4.34,0.4281,0.99,0.4956,146.85,0.0399,0.8,0.1451,0.2032
TRK0371,Track 371,Artist 21,Album 71,Pop,93,260507,False,9,1,-6.34,0.6498,0.55,0.7175,141.39,0.0369,0.0522,0.0588,0.1609
TRK0372,Track 372,Artist 22,Album 72,Lo-Fi,18,345160,False,2,0,-12.82,0.5412,0.2917,0.3804,98.44,0.8293,0.7189,0.0846,0.1048
TRK0373,Track 373,Artist 23,Album 73,Pop,47,303321,False,8,1,-4.67,0.7246,0.7756,0.6133,120.26,0.2787,0.0552,0.0813,0.1598
TRK0374,Track 374,Artist 24,Album 74,Jazz,57,157384,False,1,1,-10.86,0.5437,0.3931,0.5284,83.12,0.6248,0.2293,0.03,0.0587
TRK0375,Track 375,Artist 25,Album 75,Metal,69,201929,False,3,1,-4.7,0.4014,0.8569,0.4237,166.75,0.0653,0.266,0.1293,0.3131
TRK0376,Track 376,Artist 26,Album 76,Electronic,72,247959,True,5,1,-5.26,0.7821,0.832,0.3941,135.33,0.2234,0.5189,0.0893,0.1179
TRK0377,Track 377,Artist 27,Album 77,Pop,11,196153,False,1,1,-6.44,0.8406,0.7032,0.6782,98.38,0.1336,0.0,0.0929,0.1733
TRK0378,Track 378,Artist 28,Album 78,Classical,81,355128,False,7,0,-21.76,0.3286,0.3011,0.4611,108.24,0.7809,0.9252,0.0361,0.0692
TRK0379,Track 379,Artist 29,Album 79,Acoustic,20,195388,False,7,1,-16.31,0.3098,0.225,0.47,112.08,0.8745,0.1503,0.0361,0.1278
TRK0380,Track 380,Artist 30,Album 80,Jazz,73,151401,False,0,1,-8.0,0.3874,0.3573,0.6334,146.77,0.7282,0.8316,0.0617,0.2371
TRK0381,Track 381,Artist 31,Album 81,Ambient,86,322903,False,11,1,-20.39,0.0767,0.2177,0.3086,73.64,0.8894,0.9021,0.0353,0.0992
TRK0382,Track 382,Artist 32,Album 82,Electronic,90,239503,False,2,0,-6.99,0.7928,0.8939,0.5812,131.62,0.0274,0.575,0.0679,0.0962
TRK0383,Track 383,Artist 33,Album 83,Jazz,81,352601,False,9,1,-12.55,0.5813,0.4656,0.621,102.99,0.6569,0.4992,0.0741,0.2095
TRK0384,Track 384,Artist 34,Album 84,Acoustic,30,247834,False,8,0,-16.0,0.6061,0.3532,0.5628,109.36,0.768,0.1747,0.0301,0.2236
TRK0385,Track 385,Artist 35,Album 85,Metal,27,154084,False,4,1,-4.49,0.4645,0.9194,0.165,103.23,0.0725,0.5789,0.0906,0.134
TRK0386,Track 386,Artist 36,Album 86,Acoustic,73,230641,True,5,1,-14.59,0.4063,0.285,0.5355,107.09,0.7836,0.2089,0.0633,0.1165
TRK0387,Track 387,Artist 37,Album 87,Rock,91,225111,False,3,0,-3.86,0.5721,0.8541,0.5561,155.79,0.1966,0.1049,0.0611,0.1665
TRK0388,Track 388,Artist 38,Album 88,Acoustic,47,306898,False,9,1,-12.03,0.4377,0.3075,0.5981,111.45,0.9459,0.2298,0.0265,0.1259
TRK0389,Track 389,Artist 39,Album 89,Rock,41,287523,False,1,0,-8.48,0.3978,0.8536,0.5441,98.41,0.1596,0.0663,0.0466,0.2005
TRK0390,Track 390,Artist 40,Album 90,Metal,20,258299,False,10,0,-3.62,0.3326,0.99,0.4475,125.61,0.0921,0.1214,0.0979,0.1696
TRK0391,Track 391,Artist 41,Album 91,Synthwave,54,282982,True,7,1,-8.57,0.7895,0.7001,0.3327,128.91,0.2588,0.4606,0.0592,0.1291
TRK0392,Track 392,Artist 42,Album 92,Rock,42,156041,False,10,0,-2.41,0.3806,0.8993,0.5769,134.58,0.1003,0.0698,0.03,0.1863
TRK0393,Track 393,Artist 43,Album 93,Ambient,50,208920,False,5,1,-21.0,0.161,0.0782,0.3436,89.3,0.8031,0.8826,0.0553,0.0953
TRK0394,Track 394,Artist 44,Album 94,Acoustic,17,185681,True,4,1,-16.18,0.72,0.1791,0.6222,109.89,0.9611,0.2224,0.0512,0.1604
TRK0395,Track 395,Artist 45,Album 95,Acoustic,20,354386,False,8,0,-16.22,0.4226,0.4311,0.3318,119.56,0.8525,0.0,0.0385,0.1434
TRK0396,Track 396,Artist 46,Album 96,Ambient,60,201571,True,0,0,-19.0,0.05,0.3057,0.3169,86.66,0.8121,0.9266,0.0867,0.0779
TRK0397,Track 397,Artist 47,Album 97,Classical,50,316553,False,4,0,-13.67,0.3399,0.2196,0.6819,114.79,0.9406,0.8285,0.032,0.1267
TRK0398,Track 398,Artist 48,Album 98,Lo-Fi,26,319648,False,5,0,-10.35,0.6252,0.3776,0.6548,82.0,0.751,0.8377,0.0561,0.1193
TRK0399,Track 399,Artist 49,Album 99,Synthwave,85,359030,False,4,1,-5.78,0.6479,0.8453,0.5144,111.25,0.0431,0.6396,0.0337,0.104
TRK0400,Track 400,Artist 50,Album 100,Electronic,55,247556,False,5,1,-4.67,0.6592,0.7118,0.5151,131.69,0.1173,0.5352,0.0934,0.1271
TRK0401,Track 401,Artist 1,Album 1,Rock,41,315246,True,5,0,-1.5,0.4837,0.7505,0.4592,143.21,0.1789,0.2468,0.0772,0.1033
TRK0402,Track 402,Artist 2,Album 2,Ambient,88,146160,False,6,1,-27.24,0.2875,0.2412,0.2623,96.7,0.7626,0.9305,0.02,0.1203
TRK0403,Track 403,Artist 3,Album 3,Metal,89,137633,False,3,1,-5.03,0.4277,0.9879,0.4734,171.94,0.0836,0.2056,0.1439,0.1293
TRK0404,Track 404,Artist 4,Album 4,Rock,63,345952,False,10,1,-4.54,0.6593,0.7892,0.2698,166.25,0.195,0.2264,0.0504,0.217
TRK0405,Track 405,Artist 5,Album 5,Lo-Fi,29,137014,False,7,1,-12.65,0.5843,0.3647,0.2999,81.53,0.7974,0.6753,0.0981,0.0669
TRK0406,Track 406,Artist 6,Album 6,Metal,42,200532,False,6,0,-5.45,0.3344,0.911,0.5557,123.34,0.0365,0.4178,0.1237,0.2623
TRK0407,Track 407,Artist 7,Album 7,Jazz,83,169104,True,8,0,-17.02,0.5428,0.5858,0.2586,101.05,0.4321,0.6805,0.0845,0.1408
TRK0408,Track 408,Artist 8,Album 8,Acoustic,49,292693,False,6,1,-15.99,0.4024,0.3203,0.4079,124.41,0.7965,0.1935,0.0439,0.1002
TRK0409,Track 409,Artist 9,Album 9,Jazz,41,197231,False,2,0,-14.48,0.5837,0.5598,0.4622,90.92,0.77,0.4653,0.0652,0.1488
TRK0410,Track 410,Artist 10,Album 10,Rock,11,188388,False,2,0,-4.64,0.4713,0.8696,0.25,150.46,0.077,0.1908,0.0771,0.2765
TRK0411,Track 411,Artist 11,Album 11,Lo-Fi,42,136014,False,7,0,-12.59,0.5837,0.2356,0.4381,65.42,0.6372,0.7207,0.0462,0.1113
TRK0412,Track 412,Artist 12,Album 12,Synthwave,86,212578,False,4,1,-8.44,0.6538,0.5861,0.4246,124.43,0.2063,0.4793,0.0337,0.1629
TRK0413,Track 413,Artist 13,Album 13,Rock,39,284827,False,3,1,-5.94,0.5089,0.9353,0.4958,120.92,0.1374,0.3353,0.0789,0.2011
TRK0414,Track 414,Artist 14,Album 14,Ambient,42,160390,True,7,1,-27.09,0.3039,0.2528,0.1927,90.3,0.8379,0.9012,0.0323,0.088
TRK0415,Track 415,Artist 15,Album 15,Pop,86,143711,False,5,0,-5.09,0.6337,0.7839,0.6374,104.4,0.4177,0.005,0.1128,0.0809
TRK0416,Track 416,Artist 16,Album 16,Rock,35,211658,False,1,1,-7.26,0.4949,0.7697,0.5795,131.12,0.085,0.0642,0.0385,0.2183
TRK0417,Track 417,Artist 17,Album 17,Acoustic,31,177993,False,3,1,-13.24,0.5004,0.4092,0.4791,94.98,0.9227,0.1092,0.0233,0.1187
TRK0418,Track 418,Artist 18,Album 18,Acoustic,75,325768,True,11,0,-16.19,0.4326,0.4378,0.3422,96.58,0.7663,0.2184,0.0489,0.0908
TRK0419,Track 419,Artist 19,Album 19,Rock,47,278285,False,10,1,-4.25,0.3,0.8822,0.5244,90.0,0.0335,0.1078,0.0437,0.2476
TRK0420,Track 420,Artist 20,Album 20,Metal,55,356028,False,3,1,-2.85,0.436,0.7898,0.2712,129.65,0.0214,0.2253,0.075,0.2651
TRK0421,Track 421,Artist 21,Album 21,Pop,24,308856,False,5,0,-8.82,0.7744,0.7376,0.9199,133.68,0.1898,0.0307,0.1201,0.1803
TRK0422,Track 422,Artist 22,Album 22,Ambient,53,127421,False,5,0,-25.75,0.3586,0.1877,0.2139,50.31,0.8285,0.8994,0.0817,0.1287
TRK0423,Track 423,Artist 23,Album 23,Rock,58,338008,False,0,0,-9.71,0.5589,0.8861,0.5629,119.43,0.1074,0.1885,0.0783,0.1824
TRK0424,Track 424,Artist 24,Album 24,Metal,84,350145,False,7,1,-4.18,0.2709,0.951,0.1,171.05,0.0811,0.3074,0.1439,0.287
TRK0425,Track 425,Artist 25,Album 25,Acoustic,70,137727,False,5,1,-11.38,0.3626,0.4467,0.647,86.25,0.7371,0.1363,0.0375,0.1358
TRK0426,Track 426,Artist 26,Album 26,Acoustic,76,232418,False,2,1,-14.13,0.28,0.5081,0.3931,117.21,0.8995,0.2235,0.0512,0.1418
TRK0427,Track 427,Artist 27,Album 27,Lo-Fi,15,124358,True,8,0,-12.63,0.5996,0.2218,0.3337,83.96,0.6213,0.6716,0.096,0.1358
TRK0428,Track 428,Artist 28,Album 28,Rock,18,185108,False,1,0,-9.06,0.5872,0.7864,0.5666,137.95,0.1166,0.0815,0.0945,0.2368
TRK0429,Track 429,Artist 29,Album 29,Pop,15,214018,False,10,1,-6.44,0.6665,0.6797,0.6055,130.35,0.2019,0.0,0.0685,0.1617
TRK0430,Track 430,Artist 30,Album 30,Classical,82,244457,False,7,1,-19.53,0.2355,0.3997,0.5927,116.54,0.9781,0.8038,0.0399,0.1189
TRK0431,Track 431,Artist 31,Album 31,Pop,41,283189,False,9,0,-2.6,0.7552,0.6673,0.7577,100.47,0.0664,0.1354,0.0647,0.1692
TRK0432,Track 432,Artist 32,Album 32,Acoustic,50,339772,False,2,0,-15.11,0.28,0.4626,0.5409,137.53,0.7555,0.2951,0.0352,0.1722
TRK0433,Track 433,Artist 33,Album 33,Acoustic,85,151910,False,11,0,-8.95,0.5771,0.3549,0.1925,65.0,0.8668,0.1236,0.058,0.1199
TRK0434,Track 434,Artist 34,Album 34,Jazz,17,246888,False,4,0,-17.37,0.5731,0.3964,0.5506,106.43,0.6612,0.4174,0.0598,0.1261
TRK0435,Track 435,Artist 35,Album 35,Acoustic,81,349104,False,5,1,-17.52,0.6976,0.2416,0.451,93.55,0.8738,0.0226,0.0668,0.2114
TRK0436,Track 436,Artist 36,Album 36,Ambient,59,175754,False,9,0,-22.49,0.3717,0.1694,0.4506,110.0,0.8313,0.824,0.069,0.1067
TRK0437,Track 437,Artist 37,Album 37,Electronic,71,313510,False,5,1,-2.58,0.7562,0.7881,0.7824,130.56,0.0134,0.753,0.0797,0.1437
TRK0438,Track 438,Artist 38,Album 38,Rock,93,229847,False,3,1,-4.73,0.4582,0.8065,0.6653,131.38,0.0392,0.1684,0.0617,0.2514
TRK0439,Track 439,Artist 39,Album 39,Pop,71,280443,False,2,1,-6.17,0.7276,0.6557,0.6524,131.64,0.1223,0.0487,0.0519,0.0926
TRK0440,Track 440,Artist 40,Album 40,Electronic,16,302573,False,3,0,-3.5,0.7922,0.98,0.5562,127.6,0.025,0.7418,0.078,0.2344
TRK0441,Track 441,Artist 41,Album 41,Metal,84,312018,False,0,0,-2.0,0.4351,0.8965,0.3807,142.56,0.0786,0.4487,0.1081,0.1477
TRK0442,Track 442,Artist 42,Album 42,Classical,93,158467,False,3,0,-17.75,0.3582,0.3021,0.4314,106.87,0.9791,0.6956,0.036,0.184
TRK0443,Track 443,Artist 43,Album 43,Ambient,89,268697,False,0,0,-24.82,0.4273,0.1023,0.4072,95.18,0.7155,0.8852,0.0479,0.0514
TRK0444,Track 444,Artist 44,Album 44,Pop,13,153893,False,11,1,-5.98,0.7899,0.7148,0.7091,122.99,0.1988,0.0218,0.0998,0.0765
TRK0445,Track 445,Artist 45,Album 45,Electronic,15,196329,False,0,0,-3.38,0.877,0.8187,0.5182,133.8,0.1098,0.7618,0.0708,0.06
TRK0446,Track 446,Artist 46,Album 46,Classical,67,151007,False,9,0,-17.97,0.507,0.5426,0.1,116.28,0.872,0.7633,0.0412,0.114
TRK0447,Track 447,Artist 47,Album 47,Jazz,31,342374,True,5,1,-15.61,0.5557,0.3155,0.4135,100.24,0.444,0.3943,0.0558,0.2212
TRK0448,Track 448,Artist 48,Album 48,Ambient,35,290604,True,4,0,-25.13,0.1743,0.1055,0.3031,97.69,0.99,0.9143,0.0528,0.0837
TRK0449,Track 449,Artist 49,Album 49,Ambient,12,174253,True,10,1,-16.94,0.3129,0.1748,0.2838,79.62,0.8027,0.8963,0.02,0.1165
TRK0450,Track 450,Artist 50,Album 50,Jazz,50,132323,False,3,1,-15.04,0.4948,0.4949,0.6277,140.6,0.6183,0.3295,0.0653,0.1564
TRK0451,Track 451,Artist 1,Album 51,Rock,69,231335,False,10,1,-6.13,0.5066,0.8315,0.6043,135.76,0.1326,0.1884,0.0643,0.2385
TRK0452,Track 452,Artist 2,Album 52,Jazz,23,232356,True,2,1,-17.32,0.5573,0.2552,0.4445,126.35,0.526,0.552,0.03,0.0816
TRK0453,Track 453,Artist 3,Album 53,Ambient,84,230944,False,0,1,-20.12,0.2602,0.2267,0.2944,74.26,0.8197,0.9358,0.0543,0.09
TRK0454,Track 454,Artist 4,Album 54,Ambient,91,324451,False,5,1,-21.74,0.445,0.1003,0.3523,110.0,0.8724,0.9058,0.0489,0.1147
TRK0455,Track 455,Artist 5,Album 55,Electronic,21,265282,False,1,1,-3.76,0.6929,0.8481,0.3023,126.33,0.0458,0.7009,0.0369,0.1344
TRK0456,Track 456,Artist 6,Album 56,Acoustic,21,136456,False,7,1,-8.0,0.4324,0.1595,0.4861,97.44,0.8351,0.077,0.0895,0.0677
TRK0457,Track 457,Artist 7,Album 57,Classical,22,151367,True,9,0,-28.74,0.2609,0.3775,0.2638,89.58,0.8529,0.8981,0.0259,0.1346
TRK0458,Track 458,Artist 8,Album 58,Jazz,34,174624,False,4,0,-21.17,0.5774,0.5519,0.3088,128.57,0.6562,0.8398,0.0429,0.2908
TRK0459,Track 459,Artist 9,Album 59,Classical,54,261178,False,6,0,-25.03,0.267,0.1,0.6277,98.46,0.8897,0.8855,0.04,0.0962
TRK0460,Track 460,Artist 10,Album 60,Jazz,28,354565,False,9,0,-21.01,0.5669,0.4955,0.6043,153.25,0.4,0.5898,0.0838,0.1438
TRK0461,Track 461,Artist 11,Album 61,Metal,64,188008,False,11,1,-3.92,0.2709,0.9364,0.3938,159.8,0.0266,0.3468,0.0822,0.2682
TRK0462,Track 462,Artist 12,Album 62,Ambient,54,245926,False,1,0,-24.84,0.1679,0.3247,0.1294,77.88,0.7826,0.99,0.062,0.0805
TRK0463,Track 463,Artist 13,Album 63,Acoustic,17,235395,False,7,1,-20.15,0.6861,0.2554,0.203,113.24,0.8751,0.2166,0.0635,0.2008
TRK0464,Track 464,Artist 14,Album 64,Electronic,62,236492,False,1,0,-3.14,0.6958,0.8964,0.4652,116.35,0.212,0.407,0.063,0.157
TRK0465,Track 465,Artist 15,Album 65,Acoustic,64,192240,True,3,0,-17.37,0.3131,0.3915,0.3253,119.3,0.7775,0.3072,0.032,0.05
TRK0466,Track 466,Artist 16,Album 66,Acoustic,41,184315,False,0,0,-14.35,0.4739,0.4582,0.2738,85.7,0.9268,0.0125,0.0464,0.1237
TRK0467,Track 467,Artist 17,Album 67,Acoustic,60,320321,False,4,1,-12.65,0.425,0.2573,0.4969,91.87,0.7412,0.2728,0.0598,0.2007
TRK0468,Track 468,Artist 18,Album 68,Classical,53,321659,False,8,0,-21.93,0.1732,0.3645,0.1977,63.71,0.8732,0.9285,0.0427,0.0644
TRK0469,Track 469,Artist 19,Album 69,Jazz,91,130756,False,0,1,-10.43,0.5357,0.2473,0.607,110.43,0.4831,0.3829,0.082,0.131
TRK0470,Track 470,Artist 20,Album 70,Synthwave,79,319083,False,8,1,-8.35,0.8058,0.8618,0.516,95.0,0.1719,0.92,0.0493,0.05
TRK0471,Track 471,Artist 21,Album 71,Metal,27,156378,False,10,0,-4.18,0.3816,0.8651,0.1,142.85,0.0265,0.6191,0.124,0.2829
TRK0472,Track 472,Artist 22,Album 72,Pop,92,255327,False,7,0,-2.02,0.7275,0.6013,0.5552,133.06,0.2209,0.0341,0.0946,0.1602
TRK0473,Track 473,Artist 23,Album 73,Acoustic,31,265556,False,5,0,-16.7,0.5163,0.2437,0.4338,118.94,0.9297,0.0,0.0551,0.0941
TRK0474,Track 474,Artist 24,Album 74,Rock,46,245703,True,6,1,-2.62,0.6046,0.8797,0.4483,127.16,0.1071,0.4392,0.0756,0.1496
TRK0475,Track 475,Artist 25,Album 75,Classical,65,176549,False,2,0,-15.04,0.4357,0.6188,0.6632,122.69,0.879,0.8338,0.0371,0.1038
TRK0476,Track 476,Artist 26,Album 76,Electronic,68,285575,False,0,1,-6.67,0.7801,0.918,0.7147,119.21,0.01,0.4645,0.0615,0.1667
TRK0477,Track 477,Artist 27,Album 77,Pop,12,193794,False,4,1,-8.68,0.7762,0.7025,0.7108,121.41,0.3734,0.011,0.1463,0.1162
TRK0478,Track 478,Artist 28,Album 78,Synthwave,37,357355,False,11,0,-3.38,0.6626,0.92,0.6874,124.03,0.2057,0.6076,0.0565,0.1201
TRK0479,Track 479,Artist 29,Album 79,Rock,83,351804,False,11,0,-3.18,0.5091,0.7897,0.3753,132.52,0.1734,0.0298,0.0791,0.214
TRK0480,Track 480,Artist 30,Album 80,Synthwave,44,165113,True,1,1,-5.49,0.777,0.7875,0.4556,109.69,0.2733,0.7199,0.0849,0.1399
TRK0481,Track 481,Artist 31,Album 81,Pop,70,356802,True,4,1,-9.0,0.7951,0.6399,0.7168,105.16,0.1715,0.0756,0.0492,0.1624
TRK0482,Track 482,Artist 32,Album 82,Acoustic,63,194069,False,7,1,-15.57,0.6143,0.2836,0.3062,82.16,0.8037,0.0,0.039,0.174
TRK0483,Track 483,Artist 33,Album 83,Rock,72,349189,True,10,0,-5.14,0.4022,0.8381,0.5707,165.22,0.2133,0.1806,0.0881,0.1919
TRK0484,Track 484,Artist 34,Album 84,Synthwave,88,256321,False,8,1,-7.83,0.8127,0.6492,0.6962,116.89,0.1296,0.6337,0.0531,0.1183
TRK0485,Track 485,Artist 35,Album 85,Electronic,16,270273,False,1,0,-6.79,0.7308,0.7166,0.5187,123.9,0.1091,0.9445,0.0577,0.1088
TRK0486,Track 486,Artist 36,Album 86,Jazz,85,245541,False,11,1,-13.67,0.5653,0.5206,0.6093,131.55,0.7663,0.5582,0.1011,0.1323
TRK0487,Track 487,Artist 37,Album 87,Ambient,58,309648,True,2,1,-20.45,0.3796,0.2453,0.0759,80.08,0.919,0.8328,0.065,0.1117
TRK0488,Track 488,Artist 38,Album 88,Jazz,94,129686,False,2,0,-12.19,0.4808,0.5695,0.5239,150.32,0.9,0.8307,0.0696,0.2661
TRK0489,Track 489,Artist 39,Album 89,Pop,40,173363,False,0,1,-4.67,0.6474,0.7465,0.7714,129.91,0.0875,0.0063,0.0698,0.1614
TRK0490,Track 490,Artist 40,Album 90,Classical,67,217543,False,7,0,-20.57,0.3141,0.2248,0.6105,78.2,0.9781,0.9091,0.0528,0.1022
TRK0491,Track 491,Artist 41,Album 91,Ambient,70,251733,False,5,0,-24.41,0.2555,0.1619,0.3225,103.69,0.7463,0.8671,0.0347,0.0972
TRK0492,Track 492,Artist 42,Album 92,Metal,33,295915,False,11,1,-1.0,0.4772,0.9217,0.3954,153.77,0.0574,0.4266,0.1151,0.3652
TRK0493,Track 493,Artist 43,Album 93,Electronic,29,215673,True,7,0,-6.12,0.8294,0.866,0.7074,119.19,0.1108,0.5403,0.0802,0.1237
TRK0494,Track 494,Artist 44,Album 94,Metal,46,312035,False,10,0,-3.42,0.2128,0.8613,0.4032,125.89,0.0819,0.1283,0.1381,0.1967
TRK0495,Track 495,Artist 45,Album 95,Rock,13,162828,False,8,1,-3.29,0.3665,0.7837,0.4231,145.9,0.187,0.0267,0.0659,0.1537
TRK0496,Track 496,Artist 46,Album 96,Ambient,29,168604,True,4,0,-21.5,0.3772,0.0847,0.3827,67.65,0.8298,0.9016,0.0863,0.0699
TRK0497,Track 497,Artist 47,Album 97,Metal,69,130526,False,11,0,-2.01,0.2828,0.858,0.3543,145.48,0.0,0.5087,0.05,0.2398
TRK0498,Track 498,Artist 48,Album 98,Metal,33,188910,True,2,0,-4.52,0.62,0.9018,0.1351,173.39,0.076,0.212,0.0954,0.1998
TRK0499,Track 499,Artist 49,Album 99,Synthwave,59,145592,False,4,1,-10.88,0.7053,0.7347,0.5273,124.41,0.0462,0.6549,0.02,0.1243
TRK0500,Track 500,Artist 50,Album 100,Jazz,58,148982,False,4,0,-15.19,0.639,0.2922,0.2341,107.73,0.8553,0.7067,0.03,0.0828
