event_id,user_id,track_id,played_at,data_type
EVT00001,USR001,TRK0166,2026-07-25T08:03:46Z,synthetic/demo
EVT00002,USR001,TRK0001,2026-07-25T08:07:07Z,synthetic/demo
EVT00003,USR001,TRK0062,2026-07-25T08:10:20Z,synthetic/demo
EVT00004,USR001,TRK0105,2026-07-25T08:14:17Z,synthetic/demo
EVT00005,USR001,TRK0013,2026-07-25T08:17:18Z,synthetic/demo
EVT00006,USR001,TRK0440,2026-07-25T08:21:08Z,synthetic/demo
EVT00007,USR001,TRK0438,2026-07-25T08:24:14Z,synthetic/demo
EVT00008,USR001,TRK0301,2026-07-25T08:27:43Z,synthetic/demo
EVT00009,USR001,TRK0298,2026-07-25T08:30:57Z,synthetic/demo
EVT00010,USR001,TRK0060,2026-07-25T08:34:39Z,synthetic/demo
EVT00011,USR001,TRK0165,2026-07-25T08:38:26Z,synthetic/demo
EVT00012,USR001,TRK0183,2026-07-25T08:42:06Z,synthetic/demo
EVT00013,USR001,TRK0491,2026-07-25T08:46:03Z,synthetic/demo
EVT00014,USR001,TRK0223,2026-07-25T08:49:58Z,synthetic/demo
EVT00015,USR001,TRK0428,2026-07-25T08:53:25Z,synthetic/demo
EVT00016,USR001,TRK0288,2026-07-25T08:57:14Z,synthetic/demo
EVT00017,USR001,TRK0146,2026-07-25T11:39:18Z,synthetic/demo
EVT00018,USR001,TRK0135,2026-07-25T11:43:00Z,synthetic/demo
EVT00019,USR001,TRK0135,2026-07-25T13:41:28Z,synthetic/demo
EVT00020,USR001,TRK0194,2026-07-25T16:19:36Z,synthetic/demo
EVT00021,USR001,TRK0370,2026-07-25T16:22:57Z,synthetic/demo
EVT00022,USR001,TRK0004,2026-07-25T16:26:02Z,synthetic/demo
EVT00023,USR001,TRK0166,2026-07-25T16:29:27Z,synthetic/demo
EVT00024,USR001,TRK0017,2026-07-25T16:33:01Z,synthetic/demo
EVT00025,USR001,TRK0031,2026-07-25T16:36:35Z,synthetic/demo
EVT00026,USR001,TRK0400,2026-07-25T16:39:52Z,synthetic/demo
EVT00027,USR001,TRK0367,2026-07-25T16:43:39Z,synthetic/demo
EVT00028,USR001,TRK0241,2026-07-25T16:47:33Z,synthetic/demo
EVT00029,USR001,TRK0163,2026-07-25T16:51:26Z,synthetic/demo
EVT00030,USR001,TRK0035,2026-07-25T16:55:03Z,synthetic/demo
EVT00031,USR001,TRK0393,2026-07-25T16:58:23Z,synthetic/demo
EVT00032,USR001,TRK0308,2026-07-25T17:01:55Z,synthetic/demo
EVT00033,USR001,TRK0307,2026-07-25T17:05:17Z,synthetic/demo
EVT00034,USR001,TRK0333,2026-07-25T17:08:17Z,synthetic/demo
EVT00035,USR001,TRK0243,2026-07-25T17:11:32Z,synthetic/demo
EVT00036,USR001,TRK0409,2026-07-25T17:14:59Z,synthetic/demo
EVT00037,USR001,TRK0303,2026-07-25T17:18:54Z,synthetic/demo
EVT00038,USR001,TRK0038,2026-07-25T17:22:08Z,synthetic/demo
EVT00039,USR001,TRK0257,2026-07-25T17:25:56Z,synthetic/demo
EVT00040,USR001,TRK0096,2026-07-25T17:29:21Z,synthetic/demo
EVT00041,USR001,TRK0343,2026-07-25T17:32:49Z,synthetic/demo
EVT00042,USR001,TRK0244,2026-07-25T17:35:55Z,synthetic/demo
EVT00043,USR001,TRK0396,2026-07-25T18:42:44Z,synthetic/demo
EVT00044,USR001,TRK0404,2026-07-25T18:46:00Z,synthetic/demo
EVT00045,USR001,TRK0036,2026-07-25T18:49:49Z,synthetic/demo
EVT00046,USR001,TRK0155,2026-07-25T18:53:28Z,synthetic/demo
EVT00047,USR001,TRK0481,2026-07-25T18:57:03Z,synthetic/demo
EVT00048,USR001,TRK0197,2026-07-25T19:01:02Z,synthetic/demo
EVT00049,USR001,TRK0376,2026-07-25T19:04:34Z,synthetic/demo
EVT00050,USR001,TRK0439,2026-07-25T19:07:46Z,synthetic/demo
EVT00051,USR001,TRK0029,2026-07-25T22:07:01Z,synthetic/demo
EVT00052,USR001,TRK0280,2026-07-25T22:10:10Z,synthetic/demo
EVT00053,USR001,TRK0182,2026-07-25T22:53:26Z,synthetic/demo
EVT00054,USR001,TRK0440,2026-07-25T22:56:55Z,synthetic/demo
EVT00055,USR001,TRK0172,2026-07-25T23:00:49Z,synthetic/demo
EVT00056,USR001,TRK0403,2026-07-25T23:04:24Z,synthetic/demo
EVT00057,USR001,TRK0147,2026-07-25T23:07:38Z,synthetic/demo
EVT00058,USR001,TRK0367,2026-07-25T23:10:40Z,synthetic/demo
EVT00059,USR001,TRK0358,2026-07-25T23:13:41Z,synthetic/demo
EVT00060,USR001,TRK0095,2026-07-25T23:17:10Z,synthetic/demo
EVT00061,USR001,TRK0171,2026-07-25T23:20:16Z,synthetic/demo
EVT00062,USR001,TRK0484,2026-07-25T23:24:07Z,synthetic/demo
EVT00063,USR001,TRK0423,2026-07-25T23:27:35Z,synthetic/demo
EVT00064,USR001,TRK0300,2026-07-25T23:31:03Z,synthetic/demo
EVT00065,USR001,TRK0158,2026-07-25T23:34:21Z,synthetic/demo
EVT00066,USR001,TRK0154,2026-07-25T23:37:50Z,synthetic/demo
EVT00067,USR001,TRK0115,2026-07-25T23:40:52Z,synthetic/demo
EVT00068,USR001,TRK0251,2026-07-25T23:43:58Z,synthetic/demo
EVT00069,USR001,TRK0381,2026-07-25T23:47:06Z,synthetic/demo
EVT00070,USR001,TRK0297,2026-07-25T23:50:20Z,synthetic/demo
EVT00071,USR001,TRK0438,2026-07-25T23:53:48Z,synthetic/demo
EVT00072,USR001,TRK0483,2026-07-25T23:56:55Z,synthetic/demo
EVT00073,USR001,TRK0032,2026-07-26T00:00:04Z,synthetic/demo
EVT00074,USR001,TRK0269,2026-07-26T00:03:38Z,synthetic/demo
EVT00075,USR001,TRK0061,2026-07-26T00:07:06Z,synthetic/demo
EVT00076,USR001,TRK0095,2026-07-26T00:10:27Z,synthetic/demo
EVT00077,USR001,TRK0149,2026-07-26T00:13:28Z,synthetic/demo
EVT00078,USR001,TRK0178,2026-07-26T00:17:01Z,synthetic/demo
EVT00079,USR001,TRK0387,2026-07-26T00:20:04Z,synthetic/demo
EVT00080,USR001,TRK0343,2026-07-26T02:14:24Z,synthetic/demo
EVT00081,USR001,TRK0158,2026-07-26T02:17:34Z,synthetic/demo
EVT00082,USR001,TRK0221,2026-07-26T04:00:41Z,synthetic/demo
EVT00083,USR001,TRK0249,2026-07-26T04:04:32Z,synthetic/demo
EVT00084,USR001,TRK0304,2026-07-26T04:07:33Z,synthetic/demo
EVT00085,USR001,TRK0088,2026-07-26T04:10:34Z,synthetic/demo
EVT00086,USR001,TRK0078,2026-07-26T04:13:46Z,synthetic/demo
EVT00087,USR001,TRK0228,2026-07-26T04:17:39Z,synthetic/demo
EVT00088,USR001,TRK0128,2026-07-26T04:20:40Z,synthetic/demo
EVT00089,USR001,TRK0390,2026-07-26T04:23:49Z,synthetic/demo
EVT00090,USR001,TRK0492,2026-07-26T06:53:06Z,synthetic/demo
EVT00091,USR001,TRK0279,2026-07-26T06:56:25Z,synthetic/demo
EVT00092,USR001,TRK0458,2026-07-26T07:00:16Z,synthetic/demo
EVT00093,USR001,TRK0371,2026-07-26T07:03:52Z,synthetic/demo
EVT00094,USR001,TRK0340,2026-07-26T07:06:59Z,synthetic/demo
EVT00095,USR001,TRK0071,2026-07-26T07:10:42Z,synthetic/demo
EVT00096,USR001,TRK0466,2026-07-26T07:14:38Z,synthetic/demo
EVT00097,USR001,TRK0221,2026-07-26T07:57:51Z,synthetic/demo
EVT00098,USR001,TRK0387,2026-07-26T08:01:37Z,synthetic/demo
EVT00099,USR001,TRK0486,2026-07-26T08:04:48Z,synthetic/demo
EVT00100,USR001,TRK0263,2026-07-26T08:52:29Z,synthetic/demo
EVT00101,USR001,TRK0114,2026-07-26T11:18:20Z,synthetic/demo
EVT00102,USR001,TRK0033,2026-07-26T11:22:06Z,synthetic/demo
EVT00103,USR001,TRK0095,2026-07-26T11:25:13Z,synthetic/demo
EVT00104,USR001,TRK0076,2026-07-26T11:29:09Z,synthetic/demo
EVT00105,USR001,TRK0083,2026-07-26T11:32:40Z,synthetic/demo
EVT00106,USR001,TRK0319,2026-07-26T11:35:52Z,synthetic/demo
EVT00107,USR001,TRK0092,2026-07-26T11:38:57Z,synthetic/demo
EVT00108,USR001,TRK0136,2026-07-26T11:42:21Z,synthetic/demo
EVT00109,USR001,TRK0086,2026-07-26T11:45:43Z,synthetic/demo
EVT00110,USR001,TRK0324,2026-07-26T11:49:29Z,synthetic/demo
EVT00111,USR001,TRK0251,2026-07-26T14:05:40Z,synthetic/demo
EVT00112,USR001,TRK0105,2026-07-26T14:08:46Z,synthetic/demo
EVT00113,USR001,TRK0049,2026-07-26T14:12:05Z,synthetic/demo
EVT00114,USR001,TRK0250,2026-07-26T14:15:15Z,synthetic/demo
EVT00115,USR001,TRK0290,2026-07-26T14:18:16Z,synthetic/demo
EVT00116,USR001,TRK0125,2026-07-26T14:21:56Z,synthetic/demo
EVT00117,USR001,TRK0470,2026-07-26T14:25:55Z,synthetic/demo
EVT00118,USR001,TRK0335,2026-07-26T14:29:36Z,synthetic/demo
EVT00119,USR001,TRK0093,2026-07-26T16:11:43Z,synthetic/demo
EVT00120,USR001,TRK0265,2026-07-26T16:14:51Z,synthetic/demo
EVT00121,USR001,TRK0464,2026-07-26T16:18:41Z,synthetic/demo
EVT00122,USR001,TRK0097,2026-07-26T16:21:46Z,synthetic/demo
EVT00123,USR001,TRK0074,2026-07-26T16:25:39Z,synthetic/demo
EVT00124,USR001,TRK0406,2026-07-26T16:29:30Z,synthetic/demo
EVT00125,USR001,TRK0254,2026-07-26T16:32:55Z,synthetic/demo
EVT00126,USR001,TRK0331,2026-07-26T16:35:57Z,synthetic/demo
EVT00127,USR001,TRK0308,2026-07-26T16:39:56Z,synthetic/demo
EVT00128,USR001,TRK0254,2026-07-26T16:43:47Z,synthetic/demo
EVT00129,USR001,TRK0235,2026-07-26T16:46:58Z,synthetic/demo
EVT00130,USR001,TRK0398,2026-07-26T16:50:40Z,synthetic/demo
EVT00131,USR001,TRK0324,2026-07-26T19:06:05Z,synthetic/demo
EVT00132,USR001,TRK0115,2026-07-26T19:09:40Z,synthetic/demo
EVT00133,USR001,TRK0322,2026-07-26T19:13:29Z,synthetic/demo
EVT00134,USR001,TRK0014,2026-07-26T19:17:22Z,synthetic/demo
EVT00135,USR001,TRK0427,2026-07-26T19:21:07Z,synthetic/demo
EVT00136,USR001,TRK0278,2026-07-26T19:24:08Z,synthetic/demo
EVT00137,USR001,TRK0167,2026-07-26T19:27:26Z,synthetic/demo
EVT00138,USR001,TRK0400,2026-07-26T19:31:13Z,synthetic/demo
EVT00139,USR001,TRK0274,2026-07-26T21:24:25Z,synthetic/demo
EVT00140,USR001,TRK0139,2026-07-26T23:13:04Z,synthetic/demo
EVT00141,USR001,TRK0281,2026-07-26T23:16:33Z,synthetic/demo
EVT00142,USR001,TRK0429,2026-07-26T23:20:29Z,synthetic/demo
EVT00143,USR001,TRK0061,2026-07-26T23:24:02Z,synthetic/demo
EVT00144,USR001,TRK0393,2026-07-26T23:27:39Z,synthetic/demo
EVT00145,USR001,TRK0005,2026-07-26T23:31:30Z,synthetic/demo
EVT00146,USR001,TRK0342,2026-07-26T23:34:33Z,synthetic/demo
EVT00147,USR001,TRK0253,2026-07-27T00:33:27Z,synthetic/demo
EVT00148,USR001,TRK0138,2026-07-27T01:36:07Z,synthetic/demo
EVT00149,USR001,TRK0234,2026-07-27T01:39:16Z,synthetic/demo
EVT00150,USR001,TRK0134,2026-07-27T01:42:20Z,synthetic/demo
EVT00151,USR001,TRK0378,2026-07-27T01:46:18Z,synthetic/demo
EVT00152,USR001,TRK0440,2026-07-27T01:50:04Z,synthetic/demo
EVT00153,USR001,TRK0089,2026-07-27T01:53:53Z,synthetic/demo
EVT00154,USR001,TRK0132,2026-07-27T01:57:40Z,synthetic/demo
EVT00155,USR001,TRK0288,2026-07-27T02:01:31Z,synthetic/demo
EVT00156,USR001,TRK0099,2026-07-27T02:05:06Z,synthetic/demo
EVT00157,USR001,TRK0070,2026-07-27T02:08:21Z,synthetic/demo
EVT00158,USR001,TRK0059,2026-07-27T03:04:10Z,synthetic/demo
EVT00159,USR001,TRK0473,2026-07-27T03:07:50Z,synthetic/demo
EVT00160,USR001,TRK0081,2026-07-27T03:11:28Z,synthetic/demo
EVT00161,USR001,TRK0054,2026-07-27T03:14:46Z,synthetic/demo
EVT00162,USR001,TRK0318,2026-07-27T03:18:44Z,synthetic/demo
EVT00163,USR001,TRK0321,2026-07-27T03:22:01Z,synthetic/demo
EVT00164,USR001,TRK0282,2026-07-27T03:25:55Z,synthetic/demo
EVT00165,USR001,TRK0119,2026-07-27T03:29:00Z,synthetic/demo
EVT00166,USR001,TRK0129,2026-07-27T03:32:50Z,synthetic/demo
EVT00167,USR001,TRK0491,2026-07-27T03:36:14Z,synthetic/demo
EVT00168,USR001,TRK0175,2026-07-27T03:40:10Z,synthetic/demo
EVT00169,USR001,TRK0235,2026-07-27T03:44:02Z,synthetic/demo
EVT00170,USR001,TRK0394,2026-07-27T03:47:34Z,synthetic/demo
EVT00171,USR001,TRK0120,2026-07-27T03:51:31Z,synthetic/demo
EVT00172,USR001,TRK0380,2026-07-27T03:55:30Z,synthetic/demo
EVT00173,USR001,TRK0326,2026-07-27T03:59:06Z,synthetic/demo
EVT00174,USR001,TRK0210,2026-07-27T04:02:54Z,synthetic/demo
EVT00175,USR001,TRK0374,2026-07-27T04:06:17Z,synthetic/demo
EVT00176,USR001,TRK0205,2026-07-27T04:09:40Z,synthetic/demo
EVT00177,USR001,TRK0080,2026-07-27T04:12:45Z,synthetic/demo
EVT00178,USR001,TRK0379,2026-07-27T04:16:02Z,synthetic/demo
EVT00179,USR001,TRK0165,2026-07-27T04:19:38Z,synthetic/demo
EVT00180,USR001,TRK0346,2026-07-27T04:22:38Z,synthetic/demo
EVT00181,USR001,TRK0319,2026-07-27T04:26:16Z,synthetic/demo
EVT00182,USR001,TRK0266,2026-07-27T04:29:22Z,synthetic/demo
EVT00183,USR001,TRK0312,2026-07-27T07:27:34Z,synthetic/demo
EVT00184,USR001,TRK0304,2026-07-27T07:31:21Z,synthetic/demo
EVT00185,USR001,TRK0211,2026-07-27T07:34:32Z,synthetic/demo
EVT00186,USR001,TRK0405,2026-07-27T07:38:29Z,synthetic/demo
EVT00187,USR001,TRK0438,2026-07-27T07:42:13Z,synthetic/demo
EVT00188,USR001,TRK0035,2026-07-27T07:45:38Z,synthetic/demo
EVT00189,USR001,TRK0227,2026-07-27T07:49:36Z,synthetic/demo
EVT00190,USR001,TRK0251,2026-07-27T07:53:34Z,synthetic/demo
EVT00191,USR001,TRK0390,2026-07-27T07:56:57Z,synthetic/demo
EVT00192,USR001,TRK0149,2026-07-27T08:00:25Z,synthetic/demo
EVT00193,USR001,TRK0256,2026-07-27T08:03:56Z,synthetic/demo
EVT00194,USR001,TRK0309,2026-07-27T08:07:00Z,synthetic/demo
EVT00195,USR001,TRK0446,2026-07-27T08:10:17Z,synthetic/demo
EVT00196,USR001,TRK0227,2026-07-27T08:14:06Z,synthetic/demo
EVT00197,USR001,TRK0184,2026-07-27T08:17:18Z,synthetic/demo
EVT00198,USR001,TRK0318,2026-07-27T08:20:22Z,synthetic/demo
EVT00199,USR001,TRK0387,2026-07-27T08:23:58Z,synthetic/demo
EVT00200,USR001,TRK0387,2026-07-27T09:27:33Z,synthetic/demo
EVT00201,USR001,TRK0471,2026-07-27T12:10:28Z,synthetic/demo
EVT00202,USR001,TRK0222,2026-07-27T12:14:19Z,synthetic/demo
EVT00203,USR001,TRK0420,2026-07-27T12:17:44Z,synthetic/demo
EVT00204,USR001,TRK0304,2026-07-27T12:21:23Z,synthetic/demo
EVT00205,USR001,TRK0135,2026-07-27T12:25:15Z,synthetic/demo
EVT00206,USR001,TRK0056,2026-07-27T12:29:13Z,synthetic/demo
EVT00207,USR001,TRK0058,2026-07-27T15:24:15Z,synthetic/demo
EVT00208,USR001,TRK0447,2026-07-27T15:27:26Z,synthetic/demo
EVT00209,USR001,TRK0404,2026-07-27T15:31:06Z,synthetic/demo
EVT00210,USR001,TRK0327,2026-07-27T15:35:03Z,synthetic/demo
EVT00211,USR001,TRK0334,2026-07-27T15:38:31Z,synthetic/demo
EVT00212,USR001,TRK0202,2026-07-27T18:10:22Z,synthetic/demo
EVT00213,USR001,TRK0176,2026-07-27T18:14:17Z,synthetic/demo
EVT00214,USR001,TRK0095,2026-07-27T18:18:01Z,synthetic/demo
EVT00215,USR001,TRK0353,2026-07-27T18:21:24Z,synthetic/demo
EVT00216,USR001,TRK0265,2026-07-27T18:24:42Z,synthetic/demo
EVT00217,USR001,TRK0231,2026-07-27T18:28:32Z,synthetic/demo
EVT00218,USR001,TRK0139,2026-07-27T18:32:29Z,synthetic/demo
EVT00219,USR001,TRK0298,2026-07-27T18:35:49Z,synthetic/demo
EVT00220,USR001,TRK0458,2026-07-27T18:39:24Z,synthetic/demo
EVT00221,USR001,TRK0092,2026-07-27T18:43:00Z,synthetic/demo
EVT00222,USR001,TRK0253,2026-07-27T18:46:57Z,synthetic/demo
EVT00223,USR001,TRK0355,2026-07-27T21:36:22Z,synthetic/demo
EVT00224,USR001,TRK0178,2026-07-27T21:40:00Z,synthetic/demo
EVT00225,USR001,TRK0106,2026-07-27T21:43:21Z,synthetic/demo
EVT00226,USR001,TRK0047,2026-07-27T21:46:21Z,synthetic/demo
EVT00227,USR001,TRK0300,2026-07-27T21:50:11Z,synthetic/demo
EVT00228,USR001,TRK0275,2026-07-27T21:54:01Z,synthetic/demo
EVT00229,USR001,TRK0195,2026-07-27T21:57:59Z,synthetic/demo
EVT00230,USR001,TRK0082,2026-07-27T22:01:56Z,synthetic/demo
EVT00231,USR001,TRK0146,2026-07-27T23:08:14Z,synthetic/demo
EVT00232,USR001,TRK0387,2026-07-28T00:59:24Z,synthetic/demo
EVT00233,USR001,TRK0058,2026-07-28T02:22:11Z,synthetic/demo
EVT00234,USR001,TRK0487,2026-07-28T02:25:34Z,synthetic/demo
EVT00235,USR001,TRK0072,2026-07-28T02:29:10Z,synthetic/demo
EVT00236,USR001,TRK0094,2026-07-28T02:33:02Z,synthetic/demo
EVT00237,USR001,TRK0336,2026-07-28T02:36:22Z,synthetic/demo
EVT00238,USR001,TRK0356,2026-07-28T04:40:55Z,synthetic/demo
EVT00239,USR001,TRK0454,2026-07-28T04:44:47Z,synthetic/demo
EVT00240,USR001,TRK0365,2026-07-28T04:47:50Z,synthetic/demo
EVT00241,USR001,TRK0072,2026-07-28T04:51:06Z,synthetic/demo
EVT00242,USR001,TRK0370,2026-07-28T04:54:31Z,synthetic/demo
EVT00243,USR001,TRK0107,2026-07-28T04:58:15Z,synthetic/demo
EVT00244,USR001,TRK0219,2026-07-28T05:01:40Z,synthetic/demo
EVT00245,USR001,TRK0373,2026-07-28T07:28:22Z,synthetic/demo
EVT00246,USR001,TRK0134,2026-07-28T07:31:28Z,synthetic/demo
EVT00247,USR001,TRK0418,2026-07-28T07:34:41Z,synthetic/demo
EVT00248,USR001,TRK0272,2026-07-28T07:37:49Z,synthetic/demo
EVT00249,USR001,TRK0074,2026-07-28T07:41:00Z,synthetic/demo
EVT00250,USR001,TRK0128,2026-07-28T07:44:42Z,synthetic/demo
EVT00251,USR001,TRK0041,2026-07-28T07:47:47Z,synthetic/demo
EVT00252,USR001,TRK0059,2026-07-28T07:51:10Z,synthetic/demo
EVT00253,USR001,TRK0473,2026-07-28T07:54:25Z,synthetic/demo
EVT00254,USR001,TRK0134,2026-07-28T07:57:28Z,synthetic/demo
EVT00255,USR001,TRK0482,2026-07-28T08:01:08Z,synthetic/demo
EVT00256,USR001,TRK0348,2026-07-28T10:30:37Z,synthetic/demo
EVT00257,USR001,TRK0435,2026-07-28T10:34:28Z,synthetic/demo
EVT00258,USR001,TRK0479,2026-07-28T10:37:42Z,synthetic/demo
EVT00259,USR001,TRK0466,2026-07-28T10:41:11Z,synthetic/demo
EVT00260,USR001,TRK0098,2026-07-28T10:44:37Z,synthetic/demo
EVT00261,USR001,TRK0408,2026-07-28T10:47:44Z,synthetic/demo
EVT00262,USR001,TRK0243,2026-07-28T10:51:28Z,synthetic/demo
EVT00263,USR001,TRK0472,2026-07-28T10:54:39Z,synthetic/demo
EVT00264,USR001,TRK0177,2026-07-28T10:58:06Z,synthetic/demo
EVT00265,USR001,TRK0022,2026-07-28T13:01:37Z,synthetic/demo
EVT00266,USR001,TRK0077,2026-07-28T13:05:27Z,synthetic/demo
EVT00267,USR001,TRK0238,2026-07-28T13:08:32Z,synthetic/demo
EVT00268,USR001,TRK0280,2026-07-28T16:06:14Z,synthetic/demo
EVT00269,USR001,TRK0265,2026-07-28T16:09:49Z,synthetic/demo
EVT00270,USR001,TRK0358,2026-07-28T16:13:17Z,synthetic/demo
EVT00271,USR001,TRK0408,2026-07-28T16:16:21Z,synthetic/demo
EVT00272,USR001,TRK0437,2026-07-28T16:20:15Z,synthetic/demo
EVT00273,USR001,TRK0045,2026-07-28T16:23:28Z,synthetic/demo
EVT00274,USR001,TRK0231,2026-07-28T16:26:33Z,synthetic/demo
EVT00275,USR001,TRK0391,2026-07-28T16:29:50Z,synthetic/demo
EVT00276,USR001,TRK0471,2026-07-28T16:33:48Z,synthetic/demo
EVT00277,USR001,TRK0385,2026-07-28T16:37:31Z,synthetic/demo
EVT00278,USR001,TRK0303,2026-07-28T16:40:57Z,synthetic/demo
EVT00279,USR001,TRK0316,2026-07-28T18:02:52Z,synthetic/demo
EVT00280,USR001,TRK0363,2026-07-28T18:05:54Z,synthetic/demo
EVT00281,USR001,TRK0224,2026-07-28T18:09:07Z,synthetic/demo
EVT00282,USR001,TRK0252,2026-07-28T18:12:53Z,synthetic/demo
EVT00283,USR001,TRK0454,2026-07-28T18:16:28Z,synthetic/demo
EVT00284,USR001,TRK0168,2026-07-28T18:19:32Z,synthetic/demo
EVT00285,USR001,TRK0077,2026-07-28T18:22:32Z,synthetic/demo
EVT00286,USR001,TRK0205,2026-07-28T18:25:42Z,synthetic/demo
EVT00287,USR001,TRK0437,2026-07-28T18:29:21Z,synthetic/demo
EVT00288,USR001,TRK0032,2026-07-28T20:41:38Z,synthetic/demo
EVT00289,USR001,TRK0493,2026-07-28T20:45:04Z,synthetic/demo
EVT00290,USR001,TRK0212,2026-07-28T20:48:30Z,synthetic/demo
EVT00291,USR001,TRK0245,2026-07-28T20:51:57Z,synthetic/demo
EVT00292,USR001,TRK0281,2026-07-28T20:55:40Z,synthetic/demo
EVT00293,USR001,TRK0494,2026-07-28T20:58:53Z,synthetic/demo
EVT00294,USR001,TRK0136,2026-07-28T21:01:53Z,synthetic/demo
EVT00295,USR001,TRK0080,2026-07-28T21:05:07Z,synthetic/demo
EVT00296,USR001,TRK0344,2026-07-28T21:08:57Z,synthetic/demo
EVT00297,USR001,TRK0055,2026-07-28T22:43:55Z,synthetic/demo
EVT00298,USR001,TRK0185,2026-07-28T22:47:18Z,synthetic/demo
EVT00299,USR001,TRK0097,2026-07-28T22:50:46Z,synthetic/demo
EVT00300,USR001,TRK0215,2026-07-28T22:54:25Z,synthetic/demo
EVT00301,USR001,TRK0497,2026-07-28T22:57:38Z,synthetic/demo
EVT00302,USR001,TRK0187,2026-07-29T01:53:00Z,synthetic/demo
EVT00303,USR001,TRK0383,2026-07-29T01:56:15Z,synthetic/demo
EVT00304,USR001,TRK0115,2026-07-29T01:59:47Z,synthetic/demo
EVT00305,USR001,TRK0300,2026-07-29T02:02:58Z,synthetic/demo
EVT00306,USR001,TRK0404,2026-07-29T02:06:37Z,synthetic/demo
EVT00307,USR001,TRK0443,2026-07-29T02:10:02Z,synthetic/demo
EVT00308,USR001,TRK0278,2026-07-29T02:13:54Z,synthetic/demo
EVT00309,USR001,TRK0487,2026-07-29T02:50:10Z,synthetic/demo
EVT00310,USR001,TRK0009,2026-07-29T02:53:45Z,synthetic/demo
EVT00311,USR001,TRK0013,2026-07-29T02:57:21Z,synthetic/demo
EVT00312,USR001,TRK0327,2026-07-29T03:01:01Z,synthetic/demo
EVT00313,USR001,TRK0462,2026-07-29T04:16:20Z,synthetic/demo
EVT00314,USR001,TRK0061,2026-07-29T04:19:59Z,synthetic/demo
EVT00315,USR001,TRK0245,2026-07-29T07:15:47Z,synthetic/demo
EVT00316,USR001,TRK0244,2026-07-29T07:19:10Z,synthetic/demo
EVT00317,USR001,TRK0277,2026-07-29T07:22:10Z,synthetic/demo
EVT00318,USR001,TRK0489,2026-07-29T10:18:48Z,synthetic/demo
EVT00319,USR001,TRK0335,2026-07-29T10:22:03Z,synthetic/demo
EVT00320,USR001,TRK0458,2026-07-29T10:26:01Z,synthetic/demo
EVT00321,USR001,TRK0187,2026-07-29T10:29:17Z,synthetic/demo
EVT00322,USR001,TRK0373,2026-07-29T10:32:40Z,synthetic/demo
EVT00323,USR001,TRK0125,2026-07-29T11:17:02Z,synthetic/demo
EVT00324,USR001,TRK0178,2026-07-29T11:20:08Z,synthetic/demo
EVT00325,USR001,TRK0170,2026-07-29T11:23:51Z,synthetic/demo
EVT00326,USR001,TRK0048,2026-07-29T11:27:11Z,synthetic/demo
EVT00327,USR001,TRK0338,2026-07-29T11:30:25Z,synthetic/demo
EVT00328,USR001,TRK0325,2026-07-29T11:33:36Z,synthetic/demo
EVT00329,USR001,TRK0062,2026-07-29T11:37:12Z,synthetic/demo
EVT00330,USR001,TRK0134,2026-07-29T11:40:53Z,synthetic/demo
EVT00331,USR001,TRK0496,2026-07-29T11:44:19Z,synthetic/demo
EVT00332,USR001,TRK0004,2026-07-29T11:47:39Z,synthetic/demo
EVT00333,USR001,TRK0488,2026-07-29T14:03:29Z,synthetic/demo
EVT00334,USR001,TRK0433,2026-07-29T14:07:05Z,synthetic/demo
EVT00335,USR001,TRK0185,2026-07-29T14:10:32Z,synthetic/demo
EVT00336,USR001,TRK0317,2026-07-29T14:14:24Z,synthetic/demo
EVT00337,USR001,TRK0084,2026-07-29T14:17:56Z,synthetic/demo
EVT00338,USR001,TRK0408,2026-07-29T14:21:33Z,synthetic/demo
EVT00339,USR001,TRK0286,2026-07-29T17:09:24Z,synthetic/demo
EVT00340,USR001,TRK0038,2026-07-29T17:12:38Z,synthetic/demo
EVT00341,USR001,TRK0430,2026-07-29T17:16:06Z,synthetic/demo
EVT00342,USR001,TRK0428,2026-07-29T18:56:38Z,synthetic/demo
EVT00343,USR001,TRK0493,2026-07-29T19:00:26Z,synthetic/demo
EVT00344,USR001,TRK0277,2026-07-29T19:04:07Z,synthetic/demo
EVT00345,USR001,TRK0492,2026-07-29T19:07:48Z,synthetic/demo
EVT00346,USR001,TRK0063,2026-07-29T19:11:10Z,synthetic/demo
EVT00347,USR001,TRK0093,2026-07-29T19:15:01Z,synthetic/demo
EVT00348,USR001,TRK0319,2026-07-29T21:24:49Z,synthetic/demo
EVT00349,USR001,TRK0120,2026-07-29T21:28:31Z,synthetic/demo
EVT00350,USR001,TRK0135,2026-07-29T21:31:34Z,synthetic/demo
EVT00351,USR001,TRK0197,2026-07-29T21:35:14Z,synthetic/demo
EVT00352,USR001,TRK0220,2026-07-29T21:39:07Z,synthetic/demo
EVT00353,USR001,TRK0478,2026-07-29T21:42:08Z,synthetic/demo
EVT00354,USR001,TRK0494,2026-07-30T00:12:08Z,synthetic/demo
EVT00355,USR001,TRK0338,2026-07-30T00:15:16Z,synthetic/demo
EVT00356,USR001,TRK0212,2026-07-30T00:18:33Z,synthetic/demo
EVT00357,USR001,TRK0083,2026-07-30T00:22:08Z,synthetic/demo
EVT00358,USR001,TRK0256,2026-07-30T00:25:24Z,synthetic/demo
EVT00359,USR001,TRK0063,2026-07-30T00:28:57Z,synthetic/demo
EVT00360,USR001,TRK0105,2026-07-30T00:32:11Z,synthetic/demo
EVT00361,USR001,TRK0175,2026-07-30T00:35:38Z,synthetic/demo
EVT00362,USR001,TRK0259,2026-07-30T00:39:01Z,synthetic/demo
EVT00363,USR001,TRK0159,2026-07-30T00:42:45Z,synthetic/demo
EVT00364,USR001,TRK0251,2026-07-30T02:49:18Z,synthetic/demo
EVT00365,USR001,TRK0065,2026-07-30T02:52:43Z,synthetic/demo
EVT00366,USR001,TRK0181,2026-07-30T02:56:05Z,synthetic/demo
EVT00367,USR001,TRK0030,2026-07-30T02:59:48Z,synthetic/demo
EVT00368,USR001,TRK0217,2026-07-30T03:03:02Z,synthetic/demo
EVT00369,USR001,TRK0379,2026-07-30T03:06:58Z,synthetic/demo
EVT00370,USR001,TRK0330,2026-07-30T05:34:20Z,synthetic/demo
EVT00371,USR001,TRK0309,2026-07-30T05:37:21Z,synthetic/demo
EVT00372,USR001,TRK0314,2026-07-30T07:47:24Z,synthetic/demo
EVT00373,USR001,TRK0486,2026-07-30T10:05:14Z,synthetic/demo
EVT00374,USR001,TRK0029,2026-07-30T10:09:06Z,synthetic/demo
EVT00375,USR001,TRK0253,2026-07-30T13:04:17Z,synthetic/demo
EVT00376,USR001,TRK0441,2026-07-30T14:22:48Z,synthetic/demo
EVT00377,USR001,TRK0060,2026-07-30T14:26:16Z,synthetic/demo
EVT00378,USR001,TRK0089,2026-07-30T16:25:39Z,synthetic/demo
EVT00379,USR001,TRK0275,2026-07-30T16:29:20Z,synthetic/demo
EVT00380,USR001,TRK0278,2026-07-30T18:31:47Z,synthetic/demo
EVT00381,USR001,TRK0237,2026-07-30T18:35:29Z,synthetic/demo
EVT00382,USR001,TRK0128,2026-07-30T18:38:38Z,synthetic/demo
EVT00383,USR001,TRK0475,2026-07-30T18:42:24Z,synthetic/demo
EVT00384,USR001,TRK0090,2026-07-30T18:45:36Z,synthetic/demo
EVT00385,USR001,TRK0224,2026-07-30T18:48:48Z,synthetic/demo
EVT00386,USR001,TRK0457,2026-07-30T18:52:21Z,synthetic/demo
EVT00387,USR001,TRK0120,2026-07-30T18:55:27Z,synthetic/demo
EVT00388,USR001,TRK0001,2026-07-30T18:58:38Z,synthetic/demo
EVT00389,USR001,TRK0149,2026-07-30T19:02:28Z,synthetic/demo
EVT00390,USR001,TRK0186,2026-07-30T19:05:41Z,synthetic/demo
EVT00391,USR001,TRK0226,2026-07-30T19:08:44Z,synthetic/demo
EVT00392,USR001,TRK0448,2026-07-30T21:19:59Z,synthetic/demo
EVT00393,USR001,TRK0266,2026-07-30T22:12:37Z,synthetic/demo
EVT00394,USR001,TRK0467,2026-07-30T22:16:35Z,synthetic/demo
EVT00395,USR001,TRK0437,2026-07-30T22:19:42Z,synthetic/demo
EVT00396,USR001,TRK0462,2026-07-30T22:23:19Z,synthetic/demo
EVT00397,USR001,TRK0029,2026-07-30T22:26:41Z,synthetic/demo
EVT00398,USR001,TRK0210,2026-07-30T22:30:08Z,synthetic/demo
EVT00399,USR001,TRK0026,2026-07-30T22:33:11Z,synthetic/demo
EVT00400,USR001,TRK0311,2026-07-30T22:36:17Z,synthetic/demo
EVT00401,USR001,TRK0055,2026-07-30T22:39:26Z,synthetic/demo
EVT00402,USR001,TRK0019,2026-07-30T22:42:53Z,synthetic/demo
EVT00403,USR001,TRK0147,2026-07-30T22:46:12Z,synthetic/demo
EVT00404,USR001,TRK0269,2026-07-30T22:49:22Z,synthetic/demo
EVT00405,USR001,TRK0432,2026-07-30T22:53:15Z,synthetic/demo
EVT00406,USR001,TRK0306,2026-07-30T22:56:18Z,synthetic/demo
EVT00407,USR001,TRK0022,2026-07-30T22:59:54Z,synthetic/demo
EVT00408,USR001,TRK0039,2026-07-30T23:03:37Z,synthetic/demo
EVT00409,USR001,TRK0170,2026-07-30T23:06:48Z,synthetic/demo
EVT00410,USR001,TRK0130,2026-07-30T23:09:57Z,synthetic/demo
EVT00411,USR001,TRK0342,2026-07-30T23:12:59Z,synthetic/demo
EVT00412,USR001,TRK0455,2026-07-30T23:16:18Z,synthetic/demo
EVT00413,USR001,TRK0332,2026-07-30T23:19:45Z,synthetic/demo
EVT00414,USR001,TRK0233,2026-07-30T23:23:22Z,synthetic/demo
EVT00415,USR001,TRK0441,2026-07-30T23:27:05Z,synthetic/demo
EVT00416,USR001,TRK0165,2026-07-31T01:45:54Z,synthetic/demo
EVT00417,USR001,TRK0222,2026-07-31T01:49:30Z,synthetic/demo
EVT00418,USR001,TRK0226,2026-07-31T01:53:03Z,synthetic/demo
EVT00419,USR001,TRK0250,2026-07-31T01:56:37Z,synthetic/demo
EVT00420,USR001,TRK0362,2026-07-31T02:00:15Z,synthetic/demo
EVT00421,USR001,TRK0033,2026-07-31T02:03:42Z,synthetic/demo
EVT00422,USR001,TRK0165,2026-07-31T04:08:53Z,synthetic/demo
EVT00423,USR001,TRK0337,2026-07-31T04:11:54Z,synthetic/demo
EVT00424,USR001,TRK0287,2026-07-31T04:15:23Z,synthetic/demo
EVT00425,USR001,TRK0204,2026-07-31T04:19:13Z,synthetic/demo
EVT00426,USR001,TRK0121,2026-07-31T04:22:36Z,synthetic/demo
EVT00427,USR001,TRK0152,2026-07-31T04:25:46Z,synthetic/demo
EVT00428,USR001,TRK0013,2026-07-31T04:28:55Z,synthetic/demo
EVT00429,USR001,TRK0256,2026-07-31T04:32:14Z,synthetic/demo
EVT00430,USR001,TRK0328,2026-07-31T04:35:27Z,synthetic/demo
EVT00431,USR001,TRK0284,2026-07-31T04:39:09Z,synthetic/demo
EVT00432,USR001,TRK0008,2026-07-31T04:42:55Z,synthetic/demo
EVT00433,USR001,TRK0476,2026-07-31T04:46:40Z,synthetic/demo
EVT00434,USR001,TRK0254,2026-07-31T04:50:30Z,synthetic/demo
EVT00435,USR001,TRK0460,2026-07-31T04:54:21Z,synthetic/demo
EVT00436,USR001,TRK0420,2026-07-31T04:57:23Z,synthetic/demo
EVT00437,USR001,TRK0249,2026-07-31T05:00:24Z,synthetic/demo
EVT00438,USR001,TRK0172,2026-07-31T05:04:17Z,synthetic/demo
EVT00439,USR001,TRK0465,2026-07-31T05:07:43Z,synthetic/demo
EVT00440,USR001,TRK0054,2026-07-31T06:23:39Z,synthetic/demo
EVT00441,USR001,TRK0470,2026-07-31T06:27:25Z,synthetic/demo
EVT00442,USR001,TRK0222,2026-07-31T06:30:52Z,synthetic/demo
EVT00443,USR001,TRK0159,2026-07-31T08:59:17Z,synthetic/demo
EVT00444,USR001,TRK0405,2026-07-31T09:02:29Z,synthetic/demo
EVT00445,USR001,TRK0085,2026-07-31T09:05:45Z,synthetic/demo
EVT00446,USR001,TRK0047,2026-07-31T09:09:23Z,synthetic/demo
EVT00447,USR001,TRK0059,2026-07-31T09:12:34Z,synthetic/demo
EVT00448,USR001,TRK0192,2026-07-31T10:35:22Z,synthetic/demo
EVT00449,USR001,TRK0144,2026-07-31T12:22:29Z,synthetic/demo
EVT00450,USR001,TRK0270,2026-07-31T12:26:10Z,synthetic/demo
EVT00451,USR001,TRK0222,2026-07-31T13:10:07Z,synthetic/demo
EVT00452,USR001,TRK0053,2026-07-31T13:13:25Z,synthetic/demo
EVT00453,USR001,TRK0303,2026-07-31T13:17:17Z,synthetic/demo
EVT00454,USR001,TRK0106,2026-07-31T13:21:09Z,synthetic/demo
EVT00455,USR001,TRK0227,2026-07-31T13:24:13Z,synthetic/demo
EVT00456,USR001,TRK0016,2026-07-31T13:27:50Z,synthetic/demo
EVT00457,USR001,TRK0250,2026-07-31T13:31:41Z,synthetic/demo
EVT00458,USR001,TRK0020,2026-07-31T13:34:42Z,synthetic/demo
EVT00459,USR001,TRK0468,2026-07-31T13:37:42Z,synthetic/demo
EVT00460,USR001,TRK0058,2026-07-31T13:41:00Z,synthetic/demo
EVT00461,USR001,TRK0428,2026-07-31T13:44:43Z,synthetic/demo
EVT00462,USR001,TRK0103,2026-07-31T15:38:20Z,synthetic/demo
EVT00463,USR001,TRK0456,2026-07-31T15:42:13Z,synthetic/demo
EVT00464,USR001,TRK0014,2026-07-31T15:45:52Z,synthetic/demo
EVT00465,USR001,TRK0034,2026-07-31T15:49:36Z,synthetic/demo
EVT00466,USR001,TRK0199,2026-07-31T15:53:02Z,synthetic/demo
EVT00467,USR001,TRK0078,2026-07-31T15:56:34Z,synthetic/demo
EVT00468,USR001,TRK0033,2026-07-31T16:00:26Z,synthetic/demo
EVT00469,USR001,TRK0367,2026-07-31T16:03:57Z,synthetic/demo
EVT00470,USR001,TRK0240,2026-07-31T16:07:25Z,synthetic/demo
EVT00471,USR001,TRK0024,2026-07-31T17:14:08Z,synthetic/demo
EVT00472,USR001,TRK0216,2026-07-31T17:18:01Z,synthetic/demo
EVT00473,USR001,TRK0294,2026-07-31T17:21:11Z,synthetic/demo
EVT00474,USR001,TRK0288,2026-07-31T17:24:16Z,synthetic/demo
EVT00475,USR001,TRK0216,2026-07-31T17:28:06Z,synthetic/demo
EVT00476,USR001,TRK0332,2026-07-31T17:31:43Z,synthetic/demo
EVT00477,USR001,TRK0318,2026-07-31T17:35:27Z,synthetic/demo
EVT00478,USR001,TRK0103,2026-07-31T17:38:39Z,synthetic/demo
EVT00479,USR001,TRK0373,2026-07-31T17:42:31Z,synthetic/demo
EVT00480,USR001,TRK0305,2026-07-31T17:45:43Z,synthetic/demo
EVT00481,USR001,TRK0418,2026-07-31T17:49:07Z,synthetic/demo
EVT00482,USR001,TRK0194,2026-07-31T17:52:24Z,synthetic/demo
EVT00483,USR001,TRK0005,2026-07-31T20:22:53Z,synthetic/demo
EVT00484,USR001,TRK0254,2026-07-31T20:26:13Z,synthetic/demo
EVT00485,USR001,TRK0266,2026-07-31T22:32:14Z,synthetic/demo
EVT00486,USR001,TRK0013,2026-07-31T22:35:22Z,synthetic/demo
EVT00487,USR001,TRK0088,2026-07-31T22:39:07Z,synthetic/demo
EVT00488,USR001,TRK0392,2026-07-31T22:42:25Z,synthetic/demo
EVT00489,USR001,TRK0447,2026-07-31T22:46:05Z,synthetic/demo
EVT00490,USR001,TRK0094,2026-07-31T22:50:02Z,synthetic/demo
EVT00491,USR001,TRK0282,2026-08-01T00:30:59Z,synthetic/demo
EVT00492,USR001,TRK0046,2026-08-01T00:34:19Z,synthetic/demo
EVT00493,USR001,TRK0319,2026-08-01T00:37:46Z,synthetic/demo
EVT00494,USR001,TRK0381,2026-08-01T00:41:03Z,synthetic/demo
EVT00495,USR001,TRK0419,2026-08-01T00:44:14Z,synthetic/demo
EVT00496,USR001,TRK0175,2026-08-01T00:47:52Z,synthetic/demo
EVT00497,USR001,TRK0331,2026-08-01T00:51:02Z,synthetic/demo
EVT00498,USR001,TRK0315,2026-08-01T00:54:48Z,synthetic/demo
EVT00499,USR001,TRK0095,2026-08-01T00:58:01Z,synthetic/demo
EVT00500,USR001,TRK0113,2026-08-01T02:07:24Z,synthetic/demo
EVT00501,USR001,TRK0044,2026-08-01T02:11:01Z,synthetic/demo
EVT00502,USR001,TRK0390,2026-08-01T02:14:15Z,synthetic/demo
EVT00503,USR001,TRK0260,2026-08-01T02:17:18Z,synthetic/demo
EVT00504,USR001,TRK0478,2026-08-01T02:20:48Z,synthetic/demo
EVT00505,USR001,TRK0056,2026-08-01T02:24:26Z,synthetic/demo
EVT00506,USR001,TRK0372,2026-08-01T02:28:06Z,synthetic/demo
EVT00507,USR001,TRK0200,2026-08-01T02:31:28Z,synthetic/demo
EVT00508,USR001,TRK0021,2026-08-01T05:21:48Z,synthetic/demo
EVT00509,USR001,TRK0386,2026-08-01T06:26:34Z,synthetic/demo
EVT00510,USR001,TRK0388,2026-08-01T06:30:24Z,synthetic/demo
EVT00511,USR001,TRK0048,2026-08-01T06:33:53Z,synthetic/demo
EVT00512,USR001,TRK0285,2026-08-01T06:37:33Z,synthetic/demo
EVT00513,USR001,TRK0486,2026-08-01T08:33:34Z,synthetic/demo
EVT00514,USR001,TRK0095,2026-08-01T08:37:05Z,synthetic/demo
EVT00515,USR001,TRK0268,2026-08-01T08:40:23Z,synthetic/demo
EVT00516,USR001,TRK0428,2026-08-01T08:43:53Z,synthetic/demo
EVT00517,USR001,TRK0315,2026-08-01T08:47:08Z,synthetic/demo
EVT00518,USR001,TRK0166,2026-08-01T08:51:05Z,synthetic/demo
EVT00519,USR001,TRK0087,2026-08-01T08:54:29Z,synthetic/demo
EVT00520,USR001,TRK0279,2026-08-01T08:58:11Z,synthetic/demo
EVT00521,USR001,TRK0396,2026-08-01T09:01:49Z,synthetic/demo
EVT00522,USR001,TRK0226,2026-08-01T09:05:26Z,synthetic/demo
EVT00523,USR001,TRK0384,2026-08-01T09:09:17Z,synthetic/demo
EVT00524,USR001,TRK0040,2026-08-01T09:12:24Z,synthetic/demo
EVT00525,USR001,TRK0104,2026-08-01T09:16:07Z,synthetic/demo
EVT00526,USR001,TRK0463,2026-08-01T11:30:11Z,synthetic/demo
EVT00527,USR001,TRK0483,2026-08-01T11:33:33Z,synthetic/demo
EVT00528,USR001,TRK0040,2026-08-01T11:37:23Z,synthetic/demo
EVT00529,USR001,TRK0086,2026-08-01T11:40:35Z,synthetic/demo
EVT00530,USR001,TRK0028,2026-08-01T11:44:07Z,synthetic/demo
EVT00531,USR001,TRK0464,2026-08-01T11:47:29Z,synthetic/demo
EVT00532,USR001,TRK0280,2026-08-01T11:51:06Z,synthetic/demo
EVT00533,USR001,TRK0293,2026-08-01T13:54:15Z,synthetic/demo
EVT00534,USR001,TRK0086,2026-08-01T16:28:20Z,synthetic/demo
EVT00535,USR001,TRK0343,2026-08-01T16:31:34Z,synthetic/demo
EVT00536,USR001,TRK0223,2026-08-01T16:35:16Z,synthetic/demo
EVT00537,USR001,TRK0250,2026-08-01T17:46:16Z,synthetic/demo
EVT00538,USR001,TRK0469,2026-08-01T17:50:03Z,synthetic/demo
EVT00539,USR001,TRK0166,2026-08-01T17:53:25Z,synthetic/demo
EVT00540,USR001,TRK0433,2026-08-01T17:56:39Z,synthetic/demo
EVT00541,USR001,TRK0321,2026-08-01T18:00:07Z,synthetic/demo
EVT00542,USR001,TRK0020,2026-08-01T18:03:50Z,synthetic/demo
EVT00543,USR001,TRK0100,2026-08-01T18:07:02Z,synthetic/demo
EVT00544,USR001,TRK0135,2026-08-01T18:10:46Z,synthetic/demo
EVT00545,USR001,TRK0363,2026-08-01T18:14:41Z,synthetic/demo
EVT00546,USR001,TRK0208,2026-08-01T18:18:11Z,synthetic/demo
EVT00547,USR001,TRK0256,2026-08-01T18:21:41Z,synthetic/demo
EVT00548,USR001,TRK0078,2026-08-01T18:25:12Z,synthetic/demo
EVT00549,USR001,TRK0306,2026-08-01T18:28:46Z,synthetic/demo
EVT00550,USR001,TRK0385,2026-08-01T18:31:49Z,synthetic/demo
EVT00551,USR001,TRK0343,2026-08-01T18:35:00Z,synthetic/demo
EVT00552,USR001,TRK0437,2026-08-01T18:38:16Z,synthetic/demo
EVT00553,USR001,TRK0168,2026-08-01T18:42:13Z,synthetic/demo
EVT00554,USR001,TRK0480,2026-08-01T19:44:07Z,synthetic/demo
EVT00555,USR001,TRK0460,2026-08-01T19:48:03Z,synthetic/demo
EVT00556,USR001,TRK0207,2026-08-01T19:51:19Z,synthetic/demo
EVT00557,USR001,TRK0496,2026-08-01T19:54:38Z,synthetic/demo
EVT00558,USR001,TRK0457,2026-08-01T19:58:00Z,synthetic/demo
EVT00559,USR001,TRK0161,2026-08-01T20:01:13Z,synthetic/demo
EVT00560,USR001,TRK0145,2026-08-01T20:04:45Z,synthetic/demo
EVT00561,USR001,TRK0385,2026-08-01T20:08:11Z,synthetic/demo
EVT00562,USR001,TRK0454,2026-08-01T20:11:43Z,synthetic/demo
EVT00563,USR001,TRK0350,2026-08-01T20:15:05Z,synthetic/demo
EVT00564,USR001,TRK0138,2026-08-01T20:18:55Z,synthetic/demo
EVT00565,USR001,TRK0476,2026-08-01T20:22:14Z,synthetic/demo
EVT00566,USR001,TRK0467,2026-08-01T20:26:10Z,synthetic/demo
EVT00567,USR001,TRK0226,2026-08-01T20:29:47Z,synthetic/demo
EVT00568,USR001,TRK0062,2026-08-01T21:20:34Z,synthetic/demo
EVT00569,USR001,TRK0026,2026-08-01T21:23:52Z,synthetic/demo
EVT00570,USR001,TRK0265,2026-08-01T21:27:33Z,synthetic/demo
EVT00571,USR001,TRK0237,2026-08-01T21:31:26Z,synthetic/demo
EVT00572,USR001,TRK0081,2026-08-01T21:34:37Z,synthetic/demo
EVT00573,USR001,TRK0010,2026-08-02T00:07:26Z,synthetic/demo
EVT00574,USR001,TRK0264,2026-08-02T00:10:43Z,synthetic/demo
EVT00575,USR001,TRK0194,2026-08-02T00:13:51Z,synthetic/demo
EVT00576,USR001,TRK0451,2026-08-02T00:17:11Z,synthetic/demo
EVT00577,USR001,TRK0350,2026-08-02T00:20:36Z,synthetic/demo
EVT00578,USR001,TRK0034,2026-08-02T01:09:11Z,synthetic/demo
EVT00579,USR001,TRK0183,2026-08-02T01:13:04Z,synthetic/demo
EVT00580,USR001,TRK0462,2026-08-02T04:05:56Z,synthetic/demo
EVT00581,USR001,TRK0245,2026-08-02T04:55:25Z,synthetic/demo
EVT00582,USR001,TRK0407,2026-08-02T04:58:47Z,synthetic/demo
EVT00583,USR001,TRK0099,2026-08-02T06:59:59Z,synthetic/demo
EVT00584,USR001,TRK0472,2026-08-02T07:03:26Z,synthetic/demo
EVT00585,USR001,TRK0080,2026-08-02T07:07:04Z,synthetic/demo
EVT00586,USR001,TRK0326,2026-08-02T07:10:16Z,synthetic/demo
EVT00587,USR001,TRK0108,2026-08-02T07:13:24Z,synthetic/demo
EVT00588,USR001,TRK0447,2026-08-02T09:21:38Z,synthetic/demo
EVT00589,USR001,TRK0413,2026-08-02T09:24:59Z,synthetic/demo
EVT00590,USR001,TRK0371,2026-08-02T09:28:05Z,synthetic/demo
EVT00591,USR001,TRK0290,2026-08-02T09:31:27Z,synthetic/demo
EVT00592,USR001,TRK0207,2026-08-02T09:35:23Z,synthetic/demo
EVT00593,USR001,TRK0141,2026-08-02T09:38:54Z,synthetic/demo
EVT00594,USR001,TRK0429,2026-08-02T09:41:54Z,synthetic/demo
EVT00595,USR001,TRK0303,2026-08-02T09:44:58Z,synthetic/demo
EVT00596,USR001,TRK0377,2026-08-02T09:48:02Z,synthetic/demo
EVT00597,USR001,TRK0444,2026-08-02T09:51:22Z,synthetic/demo
EVT00598,USR001,TRK0152,2026-08-02T09:54:39Z,synthetic/demo
EVT00599,USR001,TRK0277,2026-08-02T09:58:02Z,synthetic/demo
EVT00600,USR001,TRK0360,2026-08-02T10:01:26Z,synthetic/demo
EVT00601,USR001,TRK0116,2026-08-02T10:05:24Z,synthetic/demo
EVT00602,USR001,TRK0384,2026-08-02T11:50:39Z,synthetic/demo
EVT00603,USR001,TRK0070,2026-08-02T11:54:13Z,synthetic/demo
EVT00604,USR001,TRK0167,2026-08-02T11:57:18Z,synthetic/demo
EVT00605,USR001,TRK0464,2026-08-02T12:00:34Z,synthetic/demo
EVT00606,USR001,TRK0365,2026-08-02T12:03:38Z,synthetic/demo
EVT00607,USR001,TRK0121,2026-08-02T12:07:32Z,synthetic/demo
EVT00608,USR001,TRK0434,2026-08-02T12:11:10Z,synthetic/demo
EVT00609,USR001,TRK0431,2026-08-02T12:14:10Z,synthetic/demo
EVT00610,USR001,TRK0411,2026-08-02T12:17:53Z,synthetic/demo
EVT00611,USR001,TRK0403,2026-08-02T12:21:47Z,synthetic/demo
EVT00612,USR001,TRK0108,2026-08-02T12:25:16Z,synthetic/demo
EVT00613,USR001,TRK0478,2026-08-02T12:29:00Z,synthetic/demo
EVT00614,USR001,TRK0160,2026-08-02T12:32:12Z,synthetic/demo
EVT00615,USR001,TRK0267,2026-08-02T12:36:10Z,synthetic/demo
EVT00616,USR001,TRK0346,2026-08-02T12:39:29Z,synthetic/demo
EVT00617,USR001,TRK0209,2026-08-02T12:42:33Z,synthetic/demo
EVT00618,USR001,TRK0188,2026-08-02T12:46:24Z,synthetic/demo
EVT00619,USR001,TRK0138,2026-08-02T12:49:56Z,synthetic/demo
EVT00620,USR001,TRK0171,2026-08-02T12:53:45Z,synthetic/demo
EVT00621,USR001,TRK0304,2026-08-02T12:57:02Z,synthetic/demo
EVT00622,USR001,TRK0360,2026-08-02T13:00:59Z,synthetic/demo
EVT00623,USR001,TRK0362,2026-08-02T14:16:16Z,synthetic/demo
EVT00624,USR001,TRK0021,2026-08-02T14:19:18Z,synthetic/demo
EVT00625,USR001,TRK0488,2026-08-02T14:22:58Z,synthetic/demo
EVT00626,USR001,TRK0229,2026-08-02T14:25:59Z,synthetic/demo
EVT00627,USR001,TRK0487,2026-08-02T14:29:42Z,synthetic/demo
EVT00628,USR001,TRK0162,2026-08-02T14:33:14Z,synthetic/demo
EVT00629,USR001,TRK0068,2026-08-02T14:36:24Z,synthetic/demo
EVT00630,USR001,TRK0125,2026-08-02T15:15:44Z,synthetic/demo
EVT00631,USR001,TRK0217,2026-08-02T15:19:20Z,synthetic/demo
EVT00632,USR001,TRK0162,2026-08-02T17:07:10Z,synthetic/demo
EVT00633,USR001,TRK0206,2026-08-02T17:11:09Z,synthetic/demo
EVT00634,USR001,TRK0355,2026-08-02T17:14:25Z,synthetic/demo
EVT00635,USR001,TRK0379,2026-08-02T17:17:25Z,synthetic/demo
EVT00636,USR001,TRK0365,2026-08-02T17:20:31Z,synthetic/demo
EVT00637,USR001,TRK0494,2026-08-02T19:46:54Z,synthetic/demo
EVT00638,USR001,TRK0062,2026-08-02T19:50:30Z,synthetic/demo
EVT00639,USR001,TRK0020,2026-08-02T19:53:55Z,synthetic/demo
EVT00640,USR001,TRK0399,2026-08-02T19:57:02Z,synthetic/demo
EVT00641,USR001,TRK0397,2026-08-02T20:00:02Z,synthetic/demo
EVT00642,USR001,TRK0073,2026-08-02T20:03:55Z,synthetic/demo
EVT00643,USR001,TRK0154,2026-08-02T20:07:28Z,synthetic/demo
EVT00644,USR001,TRK0137,2026-08-02T20:11:18Z,synthetic/demo
EVT00645,USR001,TRK0013,2026-08-02T20:14:30Z,synthetic/demo
EVT00646,USR001,TRK0257,2026-08-02T20:18:16Z,synthetic/demo
EVT00647,USR001,TRK0260,2026-08-02T20:22:07Z,synthetic/demo
EVT00648,USR001,TRK0010,2026-08-02T20:25:12Z,synthetic/demo
EVT00649,USR001,TRK0155,2026-08-02T20:29:03Z,synthetic/demo
EVT00650,USR001,TRK0176,2026-08-02T20:32:35Z,synthetic/demo
EVT00651,USR001,TRK0074,2026-08-02T22:31:57Z,synthetic/demo
EVT00652,USR001,TRK0292,2026-08-02T22:35:44Z,synthetic/demo
EVT00653,USR001,TRK0206,2026-08-02T23:53:12Z,synthetic/demo
EVT00654,USR001,TRK0110,2026-08-02T23:56:33Z,synthetic/demo
EVT00655,USR001,TRK0275,2026-08-03T00:00:26Z,synthetic/demo
EVT00656,USR001,TRK0325,2026-08-03T00:03:58Z,synthetic/demo
EVT00657,USR001,TRK0397,2026-08-03T00:07:48Z,synthetic/demo
EVT00658,USR001,TRK0288,2026-08-03T00:11:25Z,synthetic/demo
EVT00659,USR001,TRK0024,2026-08-03T00:14:30Z,synthetic/demo
EVT00660,USR001,TRK0168,2026-08-03T00:18:13Z,synthetic/demo
EVT00661,USR001,TRK0190,2026-08-03T00:21:16Z,synthetic/demo
EVT00662,USR001,TRK0033,2026-08-03T00:24:51Z,synthetic/demo
EVT00663,USR001,TRK0182,2026-08-03T00:28:33Z,synthetic/demo
EVT00664,USR001,TRK0268,2026-08-03T00:31:44Z,synthetic/demo
EVT00665,USR001,TRK0219,2026-08-03T00:35:25Z,synthetic/demo
EVT00666,USR001,TRK0259,2026-08-03T00:38:52Z,synthetic/demo
EVT00667,USR001,TRK0151,2026-08-03T00:42:33Z,synthetic/demo
EVT00668,USR001,TRK0472,2026-08-03T00:45:38Z,synthetic/demo
EVT00669,USR001,TRK0276,2026-08-03T00:49:37Z,synthetic/demo
EVT00670,USR001,TRK0155,2026-08-03T00:53:24Z,synthetic/demo
EVT00671,USR001,TRK0370,2026-08-03T00:56:58Z,synthetic/demo
EVT00672,USR001,TRK0047,2026-08-03T01:00:18Z,synthetic/demo
EVT00673,USR001,TRK0494,2026-08-03T03:02:27Z,synthetic/demo
EVT00674,USR001,TRK0037,2026-08-03T03:05:51Z,synthetic/demo
EVT00675,USR001,TRK0347,2026-08-03T03:09:50Z,synthetic/demo
EVT00676,USR001,TRK0279,2026-08-03T03:13:49Z,synthetic/demo
EVT00677,USR001,TRK0413,2026-08-03T03:17:39Z,synthetic/demo
EVT00678,USR001,TRK0090,2026-08-03T03:20:57Z,synthetic/demo
EVT00679,USR001,TRK0027,2026-08-03T03:24:34Z,synthetic/demo
EVT00680,USR001,TRK0372,2026-08-03T03:27:48Z,synthetic/demo
EVT00681,USR001,TRK0443,2026-08-03T03:31:02Z,synthetic/demo
EVT00682,USR001,TRK0120,2026-08-03T03:34:20Z,synthetic/demo
EVT00683,USR001,TRK0011,2026-08-03T03:37:24Z,synthetic/demo
EVT00684,USR001,TRK0320,2026-08-03T03:41:13Z,synthetic/demo
EVT00685,USR001,TRK0410,2026-08-03T03:44:19Z,synthetic/demo
EVT00686,USR001,TRK0383,2026-08-03T03:47:32Z,synthetic/demo
EVT00687,USR001,TRK0357,2026-08-03T03:50:35Z,synthetic/demo
EVT00688,USR001,TRK0484,2026-08-03T03:53:51Z,synthetic/demo
EVT00689,USR001,TRK0111,2026-08-03T06:42:26Z,synthetic/demo
EVT00690,USR001,TRK0349,2026-08-03T06:46:02Z,synthetic/demo
EVT00691,USR001,TRK0240,2026-08-03T06:49:49Z,synthetic/demo
EVT00692,USR001,TRK0010,2026-08-03T06:53:17Z,synthetic/demo
EVT00693,USR001,TRK0462,2026-08-03T06:57:12Z,synthetic/demo
EVT00694,USR001,TRK0042,2026-08-03T07:01:01Z,synthetic/demo
EVT00695,USR001,TRK0237,2026-08-03T07:43:46Z,synthetic/demo
EVT00696,USR001,TRK0417,2026-08-03T07:47:00Z,synthetic/demo
EVT00697,USR001,TRK0441,2026-08-03T07:50:05Z,synthetic/demo
EVT00698,USR001,TRK0230,2026-08-03T07:53:16Z,synthetic/demo
EVT00699,USR001,TRK0484,2026-08-03T07:56:48Z,synthetic/demo
EVT00700,USR001,TRK0159,2026-08-03T08:00:14Z,synthetic/demo
EVT00701,USR001,TRK0072,2026-08-03T08:03:45Z,synthetic/demo
EVT00702,USR001,TRK0384,2026-08-03T08:06:56Z,synthetic/demo
EVT00703,USR001,TRK0278,2026-08-03T08:10:38Z,synthetic/demo
EVT00704,USR001,TRK0068,2026-08-03T08:14:15Z,synthetic/demo
EVT00705,USR001,TRK0096,2026-08-03T08:17:39Z,synthetic/demo
EVT00706,USR001,TRK0298,2026-08-03T08:21:31Z,synthetic/demo
EVT00707,USR001,TRK0235,2026-08-03T08:24:47Z,synthetic/demo
EVT00708,USR001,TRK0008,2026-08-03T08:28:13Z,synthetic/demo
EVT00709,USR001,TRK0308,2026-08-03T08:31:34Z,synthetic/demo
EVT00710,USR001,TRK0272,2026-08-03T08:34:51Z,synthetic/demo
EVT00711,USR001,TRK0387,2026-08-03T08:38:07Z,synthetic/demo
EVT00712,USR001,TRK0464,2026-08-03T08:41:13Z,synthetic/demo
EVT00713,USR001,TRK0306,2026-08-03T08:44:52Z,synthetic/demo
EVT00714,USR001,TRK0207,2026-08-03T08:48:39Z,synthetic/demo
EVT00715,USR001,TRK0417,2026-08-03T08:52:07Z,synthetic/demo
EVT00716,USR001,TRK0128,2026-08-03T08:55:11Z,synthetic/demo
EVT00717,USR001,TRK0221,2026-08-03T08:59:03Z,synthetic/demo
EVT00718,USR001,TRK0070,2026-08-03T09:02:48Z,synthetic/demo
EVT00719,USR001,TRK0427,2026-08-03T09:06:16Z,synthetic/demo
EVT00720,USR001,TRK0443,2026-08-03T09:10:11Z,synthetic/demo
EVT00721,USR001,TRK0131,2026-08-03T09:13:53Z,synthetic/demo
EVT00722,USR001,TRK0475,2026-08-03T09:16:53Z,synthetic/demo
EVT00723,USR001,TRK0057,2026-08-03T09:20:08Z,synthetic/demo
EVT00724,USR001,TRK0051,2026-08-03T09:23:33Z,synthetic/demo
EVT00725,USR001,TRK0104,2026-08-03T11:38:10Z,synthetic/demo
EVT00726,USR001,TRK0156,2026-08-03T11:41:18Z,synthetic/demo
EVT00727,USR001,TRK0444,2026-08-03T11:44:39Z,synthetic/demo
EVT00728,USR001,TRK0264,2026-08-03T11:48:20Z,synthetic/demo
EVT00729,USR001,TRK0411,2026-08-03T11:51:44Z,synthetic/demo
EVT00730,USR001,TRK0294,2026-08-03T11:55:07Z,synthetic/demo
EVT00731,USR001,TRK0252,2026-08-03T11:58:56Z,synthetic/demo
EVT00732,USR001,TRK0367,2026-08-03T12:02:48Z,synthetic/demo
EVT00733,USR001,TRK0416,2026-08-03T12:06:15Z,synthetic/demo
EVT00734,USR001,TRK0176,2026-08-03T12:09:56Z,synthetic/demo
EVT00735,USR001,TRK0367,2026-08-03T12:13:07Z,synthetic/demo
EVT00736,USR001,TRK0008,2026-08-03T12:16:18Z,synthetic/demo
EVT00737,USR001,TRK0043,2026-08-03T12:19:44Z,synthetic/demo
EVT00738,USR001,TRK0210,2026-08-03T12:23:32Z,synthetic/demo
EVT00739,USR001,TRK0115,2026-08-03T12:27:26Z,synthetic/demo
EVT00740,USR001,TRK0167,2026-08-03T12:30:51Z,synthetic/demo
EVT00741,USR001,TRK0071,2026-08-03T15:17:10Z,synthetic/demo
EVT00742,USR001,TRK0336,2026-08-03T15:20:19Z,synthetic/demo
EVT00743,USR001,TRK0242,2026-08-03T15:24:11Z,synthetic/demo
EVT00744,USR001,TRK0254,2026-08-03T17:51:37Z,synthetic/demo
EVT00745,USR001,TRK0248,2026-08-03T17:55:33Z,synthetic/demo
EVT00746,USR001,TRK0126,2026-08-03T17:59:21Z,synthetic/demo
EVT00747,USR001,TRK0004,2026-08-03T18:03:08Z,synthetic/demo
EVT00748,USR001,TRK0211,2026-08-03T18:06:34Z,synthetic/demo
EVT00749,USR001,TRK0259,2026-08-03T18:09:50Z,synthetic/demo
EVT00750,USR001,TRK0415,2026-08-03T18:13:11Z,synthetic/demo
EVT00751,USR001,TRK0350,2026-08-03T18:16:31Z,synthetic/demo
EVT00752,USR001,TRK0356,2026-08-03T18:20:08Z,synthetic/demo
EVT00753,USR001,TRK0460,2026-08-03T18:24:04Z,synthetic/demo
EVT00754,USR001,TRK0020,2026-08-03T18:27:45Z,synthetic/demo
EVT00755,USR001,TRK0135,2026-08-03T18:31:13Z,synthetic/demo
EVT00756,USR001,TRK0269,2026-08-03T18:34:28Z,synthetic/demo
EVT00757,USR001,TRK0094,2026-08-03T18:38:12Z,synthetic/demo
EVT00758,USR001,TRK0327,2026-08-03T21:00:04Z,synthetic/demo
EVT00759,USR001,TRK0414,2026-08-03T21:04:03Z,synthetic/demo
EVT00760,USR001,TRK0059,2026-08-03T21:07:50Z,synthetic/demo
EVT00761,USR001,TRK0314,2026-08-03T21:10:54Z,synthetic/demo
EVT00762,USR001,TRK0210,2026-08-03T23:52:28Z,synthetic/demo
EVT00763,USR001,TRK0057,2026-08-03T23:56:21Z,synthetic/demo
EVT00764,USR001,TRK0209,2026-08-03T23:59:42Z,synthetic/demo
EVT00765,USR001,TRK0293,2026-08-04T00:03:41Z,synthetic/demo
EVT00766,USR001,TRK0374,2026-08-04T00:07:28Z,synthetic/demo
EVT00767,USR001,TRK0366,2026-08-04T00:10:41Z,synthetic/demo
EVT00768,USR001,TRK0432,2026-08-04T00:14:00Z,synthetic/demo
EVT00769,USR001,TRK0013,2026-08-04T00:17:40Z,synthetic/demo
EVT00770,USR001,TRK0160,2026-08-04T00:21:32Z,synthetic/demo
EVT00771,USR001,TRK0014,2026-08-04T00:25:07Z,synthetic/demo
EVT00772,USR001,TRK0264,2026-08-04T00:28:28Z,synthetic/demo
EVT00773,USR001,TRK0016,2026-08-04T00:32:27Z,synthetic/demo
EVT00774,USR001,TRK0253,2026-08-04T00:35:51Z,synthetic/demo
EVT00775,USR001,TRK0031,2026-08-04T02:11:55Z,synthetic/demo
EVT00776,USR001,TRK0289,2026-08-04T02:15:36Z,synthetic/demo
EVT00777,USR001,TRK0474,2026-08-04T02:18:36Z,synthetic/demo
EVT00778,USR001,TRK0132,2026-08-04T02:21:39Z,synthetic/demo
EVT00779,USR001,TRK0497,2026-08-04T04:39:06Z,synthetic/demo
EVT00780,USR001,TRK0325,2026-08-04T04:42:28Z,synthetic/demo
EVT00781,USR001,TRK0016,2026-08-04T04:45:35Z,synthetic/demo
EVT00782,USR001,TRK0304,2026-08-04T06:20:09Z,synthetic/demo
EVT00783,USR001,TRK0444,2026-08-04T07:58:20Z,synthetic/demo
EVT00784,USR001,TRK0263,2026-08-04T08:56:01Z,synthetic/demo
EVT00785,USR001,TRK0301,2026-08-04T08:59:03Z,synthetic/demo
EVT00786,USR001,TRK0152,2026-08-04T09:02:11Z,synthetic/demo
EVT00787,USR001,TRK0461,2026-08-04T09:06:04Z,synthetic/demo
EVT00788,USR001,TRK0343,2026-08-04T09:09:49Z,synthetic/demo
EVT00789,USR001,TRK0199,2026-08-04T09:13:41Z,synthetic/demo
EVT00790,USR001,TRK0296,2026-08-04T09:17:00Z,synthetic/demo
EVT00791,USR001,TRK0472,2026-08-04T09:20:44Z,synthetic/demo
EVT00792,USR001,TRK0006,2026-08-04T09:23:48Z,synthetic/demo
EVT00793,USR001,TRK0433,2026-08-04T09:26:49Z,synthetic/demo
EVT00794,USR001,TRK0107,2026-08-04T12:25:05Z,synthetic/demo
EVT00795,USR001,TRK0168,2026-08-04T12:28:22Z,synthetic/demo
EVT00796,USR001,TRK0054,2026-08-04T12:31:33Z,synthetic/demo
EVT00797,USR001,TRK0209,2026-08-04T12:35:10Z,synthetic/demo
EVT00798,USR001,TRK0399,2026-08-04T12:38:59Z,synthetic/demo
EVT00799,USR001,TRK0065,2026-08-04T12:42:35Z,synthetic/demo
EVT00800,USR001,TRK0300,2026-08-04T12:45:47Z,synthetic/demo
EVT00801,USR001,TRK0048,2026-08-04T12:49:03Z,synthetic/demo
EVT00802,USR001,TRK0209,2026-08-04T12:52:22Z,synthetic/demo
EVT00803,USR001,TRK0010,2026-08-04T12:55:55Z,synthetic/demo
EVT00804,USR001,TRK0465,2026-08-04T12:59:46Z,synthetic/demo
EVT00805,USR001,TRK0490,2026-08-04T13:03:32Z,synthetic/demo
EVT00806,USR001,TRK0359,2026-08-04T13:07:25Z,synthetic/demo
EVT00807,USR001,TRK0053,2026-08-04T13:10:37Z,synthetic/demo
EVT00808,USR001,TRK0204,2026-08-04T14:19:46Z,synthetic/demo
EVT00809,USR001,TRK0357,2026-08-04T14:23:19Z,synthetic/demo
EVT00810,USR001,TRK0471,2026-08-04T16:26:38Z,synthetic/demo
EVT00811,USR001,TRK0493,2026-08-04T16:29:48Z,synthetic/demo
EVT00812,USR001,TRK0432,2026-08-04T16:32:58Z,synthetic/demo
EVT00813,USR001,TRK0329,2026-08-04T16:36:06Z,synthetic/demo
EVT00814,USR001,TRK0487,2026-08-04T16:39:34Z,synthetic/demo
EVT00815,USR001,TRK0467,2026-08-04T16:42:40Z,synthetic/demo
EVT00816,USR001,TRK0375,2026-08-04T16:45:57Z,synthetic/demo
EVT00817,USR001,TRK0188,2026-08-04T16:49:19Z,synthetic/demo
EVT00818,USR001,TRK0375,2026-08-04T16:53:00Z,synthetic/demo
EVT00819,USR001,TRK0332,2026-08-04T18:20:16Z,synthetic/demo
EVT00820,USR001,TRK0451,2026-08-04T18:24:05Z,synthetic/demo
EVT00821,USR001,TRK0286,2026-08-04T20:48:34Z,synthetic/demo
EVT00822,USR001,TRK0468,2026-08-04T20:51:38Z,synthetic/demo
EVT00823,USR001,TRK0434,2026-08-04T20:54:52Z,synthetic/demo
EVT00824,USR001,TRK0212,2026-08-04T20:58:22Z,synthetic/demo
EVT00825,USR001,TRK0268,2026-08-04T21:01:48Z,synthetic/demo
EVT00826,USR001,TRK0236,2026-08-04T21:05:13Z,synthetic/demo
EVT00827,USR001,TRK0474,2026-08-04T21:08:13Z,synthetic/demo
EVT00828,USR001,TRK0187,2026-08-04T21:11:13Z,synthetic/demo
EVT00829,USR001,TRK0011,2026-08-04T21:14:13Z,synthetic/demo
EVT00830,USR001,TRK0479,2026-08-04T21:18:06Z,synthetic/demo
EVT00831,USR001,TRK0150,2026-08-04T21:21:52Z,synthetic/demo
EVT00832,USR001,TRK0209,2026-08-04T21:25:26Z,synthetic/demo
EVT00833,USR001,TRK0186,2026-08-04T22:59:21Z,synthetic/demo
EVT00834,USR001,TRK0134,2026-08-04T23:03:03Z,synthetic/demo
EVT00835,USR001,TRK0213,2026-08-04T23:07:00Z,synthetic/demo
EVT00836,USR001,TRK0060,2026-08-04T23:10:53Z,synthetic/demo
EVT00837,USR001,TRK0068,2026-08-04T23:14:32Z,synthetic/demo
EVT00838,USR001,TRK0109,2026-08-04T23:18:11Z,synthetic/demo
EVT00839,USR001,TRK0262,2026-08-04T23:21:27Z,synthetic/demo
EVT00840,USR001,TRK0358,2026-08-04T23:25:12Z,synthetic/demo
EVT00841,USR001,TRK0286,2026-08-04T23:28:21Z,synthetic/demo
EVT00842,USR001,TRK0376,2026-08-04T23:31:32Z,synthetic/demo
EVT00843,USR001,TRK0009,2026-08-04T23:34:55Z,synthetic/demo
EVT00844,USR001,TRK0381,2026-08-04T23:38:33Z,synthetic/demo
EVT00845,USR001,TRK0061,2026-08-04T23:41:47Z,synthetic/demo
EVT00846,USR001,TRK0306,2026-08-04T23:45:38Z,synthetic/demo
EVT00847,USR001,TRK0122,2026-08-04T23:48:45Z,synthetic/demo
EVT00848,USR001,TRK0369,2026-08-04T23:52:37Z,synthetic/demo
EVT00849,USR001,TRK0284,2026-08-04T23:56:03Z,synthetic/demo
EVT00850,USR001,TRK0193,2026-08-05T02:02:19Z,synthetic/demo
EVT00851,USR001,TRK0062,2026-08-05T02:05:44Z,synthetic/demo
EVT00852,USR001,TRK0121,2026-08-05T03:24:57Z,synthetic/demo
EVT00853,USR001,TRK0431,2026-08-05T03:28:53Z,synthetic/demo
EVT00854,USR001,TRK0013,2026-08-05T03:32:24Z,synthetic/demo
EVT00855,USR001,TRK0163,2026-08-05T03:36:11Z,synthetic/demo
EVT00856,USR001,TRK0470,2026-08-05T03:39:14Z,synthetic/demo
EVT00857,USR001,TRK0173,2026-08-05T04:15:17Z,synthetic/demo
EVT00858,USR001,TRK0101,2026-08-05T04:18:18Z,synthetic/demo
EVT00859,USR001,TRK0331,2026-08-05T07:17:27Z,synthetic/demo
EVT00860,USR001,TRK0067,2026-08-05T07:21:04Z,synthetic/demo
EVT00861,USR001,TRK0205,2026-08-05T07:24:43Z,synthetic/demo
EVT00862,USR001,TRK0178,2026-08-05T07:28:06Z,synthetic/demo
EVT00863,USR001,TRK0017,2026-08-05T07:31:07Z,synthetic/demo
EVT00864,USR001,TRK0172,2026-08-05T07:34:08Z,synthetic/demo
EVT00865,USR001,TRK0149,2026-08-05T07:37:42Z,synthetic/demo
EVT00866,USR001,TRK0369,2026-08-05T09:24:38Z,synthetic/demo
EVT00867,USR001,TRK0053,2026-08-05T09:28:10Z,synthetic/demo
EVT00868,USR001,TRK0392,2026-08-05T12:18:52Z,synthetic/demo
EVT00869,USR001,TRK0117,2026-08-05T14:14:33Z,synthetic/demo
EVT00870,USR001,TRK0437,2026-08-05T14:18:30Z,synthetic/demo
EVT00871,USR001,TRK0451,2026-08-05T14:21:50Z,synthetic/demo
EVT00872,USR001,TRK0073,2026-08-05T14:25:48Z,synthetic/demo
EVT00873,USR001,TRK0387,2026-08-05T14:29:09Z,synthetic/demo
EVT00874,USR001,TRK0497,2026-08-05T14:32:53Z,synthetic/demo
EVT00875,USR001,TRK0044,2026-08-05T14:36:52Z,synthetic/demo
EVT00876,USR001,TRK0470,2026-08-05T14:40:10Z,synthetic/demo
EVT00877,USR001,TRK0454,2026-08-05T14:43:22Z,synthetic/demo
EVT00878,USR001,TRK0282,2026-08-05T14:46:57Z,synthetic/demo
EVT00879,USR001,TRK0376,2026-08-05T14:50:40Z,synthetic/demo
EVT00880,USR001,TRK0414,2026-08-05T14:53:59Z,synthetic/demo
EVT00881,USR001,TRK0050,2026-08-05T14:57:11Z,synthetic/demo
EVT00882,USR001,TRK0337,2026-08-05T15:00:24Z,synthetic/demo
EVT00883,USR001,TRK0276,2026-08-05T15:03:26Z,synthetic/demo
EVT00884,USR001,TRK0474,2026-08-05T15:06:57Z,synthetic/demo
EVT00885,USR001,TRK0462,2026-08-05T15:09:57Z,synthetic/demo
EVT00886,USR001,TRK0090,2026-08-05T15:13:31Z,synthetic/demo
EVT00887,USR001,TRK0014,2026-08-05T15:17:17Z,synthetic/demo
EVT00888,USR001,TRK0306,2026-08-05T15:20:42Z,synthetic/demo
EVT00889,USR001,TRK0003,2026-08-05T18:02:41Z,synthetic/demo
EVT00890,USR001,TRK0164,2026-08-05T18:05:41Z,synthetic/demo
EVT00891,USR001,TRK0360,2026-08-05T18:08:47Z,synthetic/demo
EVT00892,USR001,TRK0373,2026-08-05T18:12:42Z,synthetic/demo
EVT00893,USR001,TRK0395,2026-08-05T20:48:35Z,synthetic/demo
EVT00894,USR001,TRK0464,2026-08-05T20:52:23Z,synthetic/demo
EVT00895,USR001,TRK0238,2026-08-05T20:56:08Z,synthetic/demo
EVT00896,USR001,TRK0018,2026-08-05T20:59:24Z,synthetic/demo
EVT00897,USR001,TRK0230,2026-08-05T21:03:21Z,synthetic/demo
EVT00898,USR001,TRK0397,2026-08-05T21:06:26Z,synthetic/demo
EVT00899,USR001,TRK0341,2026-08-05T21:09:32Z,synthetic/demo
EVT00900,USR001,TRK0356,2026-08-05T21:13:15Z,synthetic/demo
EVT00901,USR001,TRK0014,2026-08-05T21:16:24Z,synthetic/demo
EVT00902,USR001,TRK0050,2026-08-05T21:19:31Z,synthetic/demo
EVT00903,USR001,TRK0110,2026-08-05T21:23:30Z,synthetic/demo
EVT00904,USR001,TRK0088,2026-08-05T21:26:55Z,synthetic/demo
EVT00905,USR001,TRK0262,2026-08-05T21:30:30Z,synthetic/demo
EVT00906,USR001,TRK0268,2026-08-05T21:34:13Z,synthetic/demo
EVT00907,USR001,TRK0448,2026-08-05T21:37:18Z,synthetic/demo
EVT00908,USR001,TRK0275,2026-08-05T21:40:40Z,synthetic/demo
EVT00909,USR001,TRK0171,2026-08-05T21:43:42Z,synthetic/demo
EVT00910,USR001,TRK0126,2026-08-05T21:47:19Z,synthetic/demo
EVT00911,USR001,TRK0324,2026-08-05T21:50:49Z,synthetic/demo
EVT00912,USR001,TRK0217,2026-08-05T21:54:30Z,synthetic/demo
EVT00913,USR001,TRK0320,2026-08-05T21:57:42Z,synthetic/demo
EVT00914,USR001,TRK0361,2026-08-06T00:02:03Z,synthetic/demo
EVT00915,USR001,TRK0388,2026-08-06T00:06:00Z,synthetic/demo
EVT00916,USR001,TRK0044,2026-08-06T00:09:37Z,synthetic/demo
EVT00917,USR001,TRK0204,2026-08-06T00:12:37Z,synthetic/demo
EVT00918,USR001,TRK0017,2026-08-06T00:16:33Z,synthetic/demo
EVT00919,USR001,TRK0437,2026-08-06T01:06:19Z,synthetic/demo
EVT00920,USR001,TRK0393,2026-08-06T03:49:59Z,synthetic/demo
EVT00921,USR001,TRK0399,2026-08-06T05:24:50Z,synthetic/demo
EVT00922,USR001,TRK0183,2026-08-06T05:28:42Z,synthetic/demo
EVT00923,USR001,TRK0404,2026-08-06T05:31:49Z,synthetic/demo
EVT00924,USR001,TRK0498,2026-08-06T05:35:22Z,synthetic/demo
EVT00925,USR001,TRK0313,2026-08-06T05:39:17Z,synthetic/demo
EVT00926,USR001,TRK0147,2026-08-06T05:42:34Z,synthetic/demo
EVT00927,USR001,TRK0296,2026-08-06T05:46:33Z,synthetic/demo
EVT00928,USR001,TRK0245,2026-08-06T05:50:08Z,synthetic/demo
EVT00929,USR001,TRK0209,2026-08-06T08:48:12Z,synthetic/demo
EVT00930,USR001,TRK0314,2026-08-06T08:52:08Z,synthetic/demo
EVT00931,USR001,TRK0348,2026-08-06T08:55:48Z,synthetic/demo
EVT00932,USR001,TRK0420,2026-08-06T08:58:55Z,synthetic/demo
EVT00933,USR001,TRK0288,2026-08-06T09:02:51Z,synthetic/demo
EVT00934,USR001,TRK0137,2026-08-06T09:06:22Z,synthetic/demo
EVT00935,USR001,TRK0322,2026-08-06T09:09:30Z,synthetic/demo
EVT00936,USR001,TRK0030,2026-08-06T09:13:29Z,synthetic/demo
EVT00937,USR001,TRK0001,2026-08-06T12:06:03Z,synthetic/demo
EVT00938,USR001,TRK0483,2026-08-06T14:20:28Z,synthetic/demo
EVT00939,USR001,TRK0201,2026-08-06T14:23:31Z,synthetic/demo
EVT00940,USR001,TRK0114,2026-08-06T14:26:34Z,synthetic/demo
EVT00941,USR001,TRK0281,2026-08-06T14:30:28Z,synthetic/demo
EVT00942,USR001,TRK0135,2026-08-06T14:33:31Z,synthetic/demo
EVT00943,USR001,TRK0498,2026-08-06T14:37:06Z,synthetic/demo
EVT00944,USR001,TRK0142,2026-08-06T14:40:37Z,synthetic/demo
EVT00945,USR001,TRK0027,2026-08-06T14:44:13Z,synthetic/demo
EVT00946,USR001,TRK0215,2026-08-06T14:47:37Z,synthetic/demo
EVT00947,USR001,TRK0067,2026-08-06T14:51:18Z,synthetic/demo
EVT00948,USR001,TRK0228,2026-08-06T14:54:46Z,synthetic/demo
EVT00949,USR001,TRK0330,2026-08-06T17:50:23Z,synthetic/demo
EVT00950,USR001,TRK0272,2026-08-06T20:35:59Z,synthetic/demo
EVT00951,USR001,TRK0116,2026-08-06T23:08:20Z,synthetic/demo
EVT00952,USR001,TRK0056,2026-08-06T23:11:47Z,synthetic/demo
EVT00953,USR001,TRK0193,2026-08-06T23:15:08Z,synthetic/demo
EVT00954,USR001,TRK0373,2026-08-06T23:18:20Z,synthetic/demo
EVT00955,USR001,TRK0321,2026-08-06T23:22:00Z,synthetic/demo
EVT00956,USR001,TRK0086,2026-08-06T23:25:15Z,synthetic/demo
EVT00957,USR001,TRK0051,2026-08-06T23:29:00Z,synthetic/demo
EVT00958,USR001,TRK0436,2026-08-06T23:32:11Z,synthetic/demo
EVT00959,USR001,TRK0316,2026-08-06T23:35:27Z,synthetic/demo
EVT00960,USR001,TRK0361,2026-08-06T23:39:17Z,synthetic/demo
EVT00961,USR001,TRK0185,2026-08-06T23:42:23Z,synthetic/demo
EVT00962,USR001,TRK0457,2026-08-07T01:36:30Z,synthetic/demo
EVT00963,USR001,TRK0071,2026-08-07T01:39:44Z,synthetic/demo
EVT00964,USR001,TRK0422,2026-08-07T03:08:05Z,synthetic/demo
EVT00965,USR001,TRK0456,2026-08-07T03:11:59Z,synthetic/demo
EVT00966,USR001,TRK0454,2026-08-07T03:15:55Z,synthetic/demo
EVT00967,USR001,TRK0417,2026-08-07T03:19:00Z,synthetic/demo
EVT00968,USR001,TRK0244,2026-08-07T04:12:46Z,synthetic/demo
EVT00969,USR001,TRK0489,2026-08-07T04:16:22Z,synthetic/demo
EVT00970,USR001,TRK0008,2026-08-07T04:19:34Z,synthetic/demo
EVT00971,USR001,TRK0296,2026-08-07T04:23:31Z,synthetic/demo
EVT00972,USR001,TRK0018,2026-08-07T04:27:08Z,synthetic/demo
EVT00973,USR001,TRK0288,2026-08-07T04:31:07Z,synthetic/demo
EVT00974,USR001,TRK0461,2026-08-07T04:34:34Z,synthetic/demo
EVT00975,USR001,TRK0442,2026-08-07T04:37:57Z,synthetic/demo
EVT00976,USR001,TRK0194,2026-08-07T04:41:36Z,synthetic/demo
EVT00977,USR001,TRK0034,2026-08-07T04:44:57Z,synthetic/demo
EVT00978,USR001,TRK0325,2026-08-07T04:48:47Z,synthetic/demo
EVT00979,USR001,TRK0080,2026-08-07T04:52:17Z,synthetic/demo
EVT00980,USR001,TRK0372,2026-08-07T04:56:04Z,synthetic/demo
EVT00981,USR001,TRK0087,2026-08-07T04:59:15Z,synthetic/demo
EVT00982,USR001,TRK0334,2026-08-07T06:49:21Z,synthetic/demo
EVT00983,USR001,TRK0284,2026-08-07T06:53:12Z,synthetic/demo
EVT00984,USR001,TRK0272,2026-08-07T07:40:24Z,synthetic/demo
EVT00985,USR001,TRK0393,2026-08-07T07:44:04Z,synthetic/demo
EVT00986,USR001,TRK0077,2026-08-07T07:47:12Z,synthetic/demo
EVT00987,USR001,TRK0175,2026-08-07T07:50:23Z,synthetic/demo
EVT00988,USR001,TRK0245,2026-08-07T08:42:00Z,synthetic/demo
EVT00989,USR001,TRK0451,2026-08-07T08:45:53Z,synthetic/demo
EVT00990,USR001,TRK0372,2026-08-07T08:49:12Z,synthetic/demo
EVT00991,USR001,TRK0480,2026-08-07T08:52:28Z,synthetic/demo
EVT00992,USR001,TRK0464,2026-08-07T08:55:46Z,synthetic/demo
EVT00993,USR001,TRK0158,2026-08-07T08:59:19Z,synthetic/demo
EVT00994,USR001,TRK0078,2026-08-07T09:02:35Z,synthetic/demo
EVT00995,USR001,TRK0252,2026-08-07T09:06:24Z,synthetic/demo
EVT00996,USR001,TRK0304,2026-08-07T09:09:44Z,synthetic/demo
EVT00997,USR001,TRK0113,2026-08-07T09:13:40Z,synthetic/demo
EVT00998,USR001,TRK0186,2026-08-07T09:16:55Z,synthetic/demo
EVT00999,USR001,TRK0156,2026-08-07T09:19:55Z,synthetic/demo
EVT01000,USR001,TRK0041,2026-08-07T09:23:30Z,synthetic/demo
